Date,Actual,Holiday
2011-07-04,642.15,
2011-07-05,435.734,
2011-07-06,591.176,
2011-07-07,484.018,
2011-07-08,483.892,
2011-07-09,46.566,
2011-07-10,5.154,
2011-07-11,548.764,
2011-07-12,477.994,
2011-07-13,593.95,
2011-07-14,498.608,
2011-07-15,508.432,
2011-07-16,61.31,
2011-07-17,5.154,
2011-07-18,644.998,
2011-07-19,520.302,
2011-07-20,614.002,
2011-07-21,461.404,
2011-07-22,481.662,
2011-07-23,63.31,
2011-07-24,3.436,
2011-07-25,670.744,
2011-07-26,615.792,
2011-07-27,564.098,
2011-07-28,494.636,
2011-07-29,485.172,
2011-07-30,0,
2011-07-31,-1,
2011-08-01,622.84,
2011-08-02,393.706,
2011-08-03,475.12,
2011-08-04,494.636,
2011-08-05,454.48,
2011-08-06,70.336,
2011-08-07,6.872,
2011-08-08,593.124,
2011-08-09,481.17,
2011-08-10,470.274,
2011-08-11,608.436,
2011-08-12,503.148,
2011-08-13,58.72,
2011-08-14,20.616,
2011-08-15,650.33,
2011-08-16,564.15,
2011-08-17,512.328,
2011-08-18,469.018,
2011-08-19,517.894,
2011-08-20,73.234,
2011-08-21,5.154,
2011-08-22,746.62,
2011-08-23,536.354,
2011-08-24,594.126,
2011-08-25,555.434,
2011-08-26,567.638,
2011-08-27,57.156,
2011-08-28,0,
2011-08-29,690.354,
2011-08-30,529.042,
2011-08-31,779.158,
2011-09-01,631.946,
2011-09-02,487.376,
2011-09-03,52.976,
2011-09-04,1.718,
2011-09-05,710.664,
2011-09-06,541.02,
2011-09-07,542.866,
2011-09-08,552.356,
2011-09-09,462.864,
2011-09-10,75.464,
2011-09-11,1.718,
2011-09-12,692.538,
2011-09-13,573.306,
2011-09-14,463.632,
2011-09-15,594.666,
2011-09-16,565.306,
2011-09-17,77.516,
2011-09-18,3.436,
2011-09-19,806.954,
2011-09-20,602.716,
2011-09-21,539.97,
2011-09-22,557.33,
2011-09-23,605.13,
2011-09-24,65.464,
2011-09-25,10.308,
2011-09-26,786.106,
2011-09-27,564.48,
2011-09-28,437.17,
2011-09-29,567.126,
2011-09-30,571.61,
2011-10-01,76.464,
2011-10-02,3.436,
2011-10-03,726.999,
2011-10-04,607.662,
2011-10-05,598.517,
2011-10-06,479.359,
2011-10-07,472.719,
2011-10-08,57.713,
2011-10-09,3.436,
2011-10-10,685.758,
2011-10-11,559.698,
2011-10-12,574.391,
2011-10-13,541.908,
2011-10-14,454.809,
2011-10-15,81.475,
2011-10-16,0,
2011-10-17,684.895,
2011-10-18,574.098,
2011-10-19,600.822,
2011-10-20,588.711,
2011-10-21,607.677,
2011-10-22,69.457,
2011-10-23,0,
2011-10-24,847.215,
2011-10-25,618.648,
2011-10-26,497.517,
2011-10-27,568.004,
2011-10-28,553.72,
2011-10-29,67.13,
2011-10-30,0,
2011-10-31,778.76,
2011-11-01,812.741,
2011-11-02,611.971,
2011-11-03,530.132,
2011-11-04,735.357,
2011-11-05,70.77,
2011-11-06,0,
2011-11-07,679.798,
2011-11-08,584.911,
2011-11-09,656.709,
2011-11-10,577.007,
2011-11-11,672.25,
2011-11-12,62.423,
2011-11-13,0,
2011-11-14,762.011,
2011-11-15,613.945,
2011-11-16,771.9,
2011-11-17,639.634,
2011-11-18,673.562,
2011-11-19,58.983,
2011-11-20,4.154,
2011-11-21,760.506,
2011-11-22,636.99,
2011-11-23,700.613,
2011-11-24,646.395,
2011-11-25,669.153,
2011-11-26,69.603,
2011-11-27,0,
2011-11-28,770.526,
2011-11-29,639.68,
2011-11-30,0,
2011-12-01,894.377,
2011-12-02,813.173,
2011-12-03,69.449,
2011-12-04,0,
2011-12-05,909.18,
2011-12-06,778.963,
2011-12-07,700.455,
2011-12-08,718.142,
2011-12-09,608.415,
2011-12-10,56.827,
2011-12-11,0,
2011-12-12,792.302,
2011-12-13,657.343,
2011-12-14,762.452,
2011-12-15,733.307,
2011-12-16,705.906,
2011-12-17,68.295,
2011-12-18,0,
2011-12-19,877.189,
2011-12-20,721.677,
2011-12-21,634.268,
2011-12-22,679.224,
2011-12-23,636.643,
2011-12-24,65.564,
2011-12-25,0,
2011-12-26,0,
2011-12-27,640.606,
2011-12-28,585.807,
2011-12-29,681.059,
2011-12-30,695.672,
2011-12-31,0,
2012-01-01,0,
2012-01-02,640.914,
2012-01-03,618.691,
2012-01-04,636.21,
2012-01-05,697.182,
2012-01-06,593.964,
2012-01-07,63.035,
2012-01-08,0,
2012-01-09,816.031,
2012-01-10,570.027,
2012-01-11,637.398,
2012-01-12,750.002,
2012-01-13,726.647,
2012-01-14,80.494,
2012-01-15,0,
2012-01-16,831.904,
2012-01-17,693.097,
2012-01-18,714.521,
2012-01-19,638.955,
2012-01-20,634.583,
2012-01-21,79.497,
2012-01-22,0,
2012-01-23,954.482,
2012-01-24,714.467,
2012-01-25,749.532,
2012-01-26,623.91,
2012-01-27,639.792,
2012-01-28,74.575,
2012-01-29,0,
2012-01-30,782.509,
2012-01-31,654.75,
2012-02-01,803.538,
2012-02-02,631.834,
2012-02-03,553.508,
2012-02-04,63.14,
2012-02-05,1.718,
2012-02-06,696.433,
2012-02-07,624.593,
2012-02-08,631.542,
2012-02-09,575.465,
2012-02-10,578.327,
2012-02-11,83.628,
2012-02-12,0,
2012-02-13,760.686,
2012-02-14,604.117,
2012-02-15,723.501,
2012-02-16,567.959,
2012-02-17,556.887,
2012-02-18,60.725,
2012-02-19,0,
2012-02-20,665.589,
2012-02-21,590.098,
2012-02-22,758.376,
2012-02-23,667.431,
2012-02-24,568.498,
2012-02-25,61.41,
2012-02-26,1.718,
2012-02-27,926.283,
2012-02-28,757.238,
2012-02-29,722.87,
2012-03-01,650.588,
2012-03-02,569.704,
2012-03-03,57.846,
2012-03-04,0,
2012-03-05,754.51,
2012-03-06,575.216,
2012-03-07,628.08,
2012-03-08,583.932,
2012-03-09,510.508,
2012-03-10,71.994,
2012-03-11,0,
2012-03-12,658.053,
2012-03-13,618.29,
2012-03-14,580.006,
2012-03-15,552.252,
2012-03-16,538.425,
2012-03-17,68.471,
2012-03-18,0,
2012-03-19,824.36,
2012-03-20,600.45,
2012-03-21,609.248,
2012-03-22,596.118,
2012-03-23,631.565,
2012-03-24,71.738,
2012-03-25,0,
2012-03-26,907.422,
2012-03-27,799.236,
2012-03-28,709.34,
2012-03-29,670.628,
2012-03-30,648.544,
2012-03-31,0,
2012-04-01,0,
2012-04-02,796.606,
2012-04-03,599.96,
2012-04-04,627.702,
2012-04-05,591.151,
2012-04-06,451.498,
2012-04-07,49.256,
2012-04-08,0,
2012-04-09,1.718,
2012-04-10,911.68,
2012-04-11,704.376,
2012-04-12,637.62,
2012-04-13,629.665,
2012-04-14,69.885,
2012-04-15,0,
2012-04-16,773.855,
2012-04-17,700.968,
2012-04-18,745.165,
2012-04-19,761.75,
2012-04-20,818.924,
2012-04-21,95.111,
2012-04-22,0,
2012-04-23,831.461,
2012-04-24,671.239,
2012-04-25,787.654,
2012-04-26,693.052,
2012-04-27,624.981,
2012-04-28,72.585,
2012-04-29,0,
2012-04-30,0,
2012-05-01,903.3,
2012-05-02,738.506,
2012-05-03,769.958,
2012-05-04,693.703,
2012-05-05,87.816,
2012-05-06,0,
2012-05-07,751.571,
2012-05-08,712.461,
2012-05-09,705.95,
2012-05-10,600.46,
2012-05-11,606.28,
2012-05-12,51.987,
2012-05-13,0,
2012-05-14,785.135,
2012-05-15,754.989,
2012-05-16,858.779,
2012-05-17,9.462,
2012-05-18,604.866,
2012-05-19,84.853,
2012-05-20,0,
2012-05-21,908.935,
2012-05-22,687.681,
2012-05-23,658.248,
2012-05-24,638.201,
2012-05-25,693.791,
2012-05-26,63.422,
2012-05-27,0,
2012-05-28,0,
2012-05-29,918.091,
2012-05-30,782.724,
2012-05-31,0,
2012-06-01,726.02,
2012-06-02,81.597,
2012-06-03,0,
2012-06-04,1038.167,
2012-06-05,649.893,
2012-06-06,691.168,
2012-06-07,641.913,
2012-06-08,608.538,
2012-06-09,93.377,
2012-06-10,0,
2012-06-11,836.766,
2012-06-12,604.669,
2012-06-13,576.208,
2012-06-14,590.673,
2012-06-15,731.611,
2012-06-16,73.755,
2012-06-17,0,
2012-06-18,949.841,
2012-06-19,699.007,
2012-06-20,663.266,
2012-06-21,641.482,
2012-06-22,713.055,
2012-06-23,79.341,
2012-06-24,0,
2012-06-25,954.582,
2012-06-26,980.039,
2012-06-27,902.554,
2012-06-28,680.411,
2012-06-29,716.104,
2012-06-30,0,
2012-07-01,0,
2012-07-02,899.313,
2012-07-03,688.581,
2012-07-04,568.902,
2012-07-05,662.383,
2012-07-06,577.102,
2012-07-07,54.401,
2012-07-08,0,
2012-07-09,870.847,
2012-07-10,561.342,
2012-07-11,577.937,
2012-07-12,561.423,
2012-07-13,535.114,
2012-07-14,70.616,
2012-07-15,0,
2012-07-16,751.847,
2012-07-17,534.931,
2012-07-18,591.002,
2012-07-19,625.447,
2012-07-20,532.231,
2012-07-21,70.629,
2012-07-22,0,
2012-07-23,587.253,
2012-07-24,481.37,
2012-07-25,479.086,
2012-07-26,575.605,
2012-07-27,511.018,
2012-07-28,69.59,
2012-07-29,1.718,
2012-07-30,778.981,
2012-07-31,0,
2012-08-01,574.166,
2012-08-02,552.506,
2012-08-03,501.65,
2012-08-04,57.294,
2012-08-05,0,
2012-08-06,675.866,
2012-08-07,577.978,
2012-08-08,561.052,
2012-08-09,497.763,
2012-08-10,468.484,
2012-08-11,52.599,
2012-08-12,0,
2012-08-13,655.392,
2012-08-14,524.24,
2012-08-15,632.842,
2012-08-16,640.123,
2012-08-17,526.659,
2012-08-18,67.288,
2012-08-19,0,
2012-08-20,676.712,
2012-08-21,537.76,
2012-08-22,649.619,
2012-08-23,605.855,
2012-08-24,485.897,
2012-08-25,72.36,
2012-08-26,0,
2012-08-27,865.267,
2012-08-28,505.276,
2012-08-29,655.987,
2012-08-30,652.266,
2012-08-31,0,
2012-09-01,95.052,
2012-09-02,0,
2012-09-03,793.811,
2012-09-04,540.534,
2012-09-05,616.545,
2012-09-06,561.55,
2012-09-07,528.227,
2012-09-08,63.744,
2012-09-09,0,
2012-09-10,688.644,
2012-09-11,708.404,
2012-09-12,575.081,
2012-09-13,553.75,
2012-09-14,570.933,
2012-09-15,72.878,
2012-09-16,0,
2012-09-17,732.242,
2012-09-18,625.562,
2012-09-19,681.388,
2012-09-20,635.431,
2012-09-21,560.326,
2012-09-22,65.268,
2012-09-23,0,
2012-09-24,864.269,
2012-09-25,620.089,
2012-09-26,670.992,
2012-09-27,618.147,
2012-09-28,604.052,
2012-09-29,70.616,
2012-09-30,0,
2012-10-01,791.138,
2012-10-02,611.678,
2012-10-03,672.46,
2012-10-04,600.348,
2012-10-05,623.869,
2012-10-06,100.424,
2012-10-07,0,
2012-10-08,795.695,
2012-10-09,631.528,
2012-10-10,669.607,
2012-10-11,647.669,
2012-10-12,626.546,
2012-10-13,59.167,
2012-10-14,0,
2012-10-15,723.67,
2012-10-16,604.253,
2012-10-17,667.718,
2012-10-18,675.408,
2012-10-19,641.081,
2012-10-20,93.257,
2012-10-21,0,
2012-10-22,828.332,
2012-10-23,566.518,
2012-10-24,658.453,
2012-10-25,713.785,
2012-10-26,653.364,
2012-10-27,70.011,
2012-10-28,0,
2012-10-29,774.178,
2012-10-30,581.919,
2012-10-31,0,
2012-11-01,760.639,
2012-11-02,613.428,
2012-11-03,78.34,
2012-11-04,0,
2012-11-05,820.017,
2012-11-06,582.667,
2012-11-07,671.718,
2012-11-08,641.945,
2012-11-09,587.382,
2012-11-10,82.317,
2012-11-11,0,
2012-11-12,776.188,
2012-11-13,621.84,
2012-11-14,709.281,
2012-11-15,730.676,
2012-11-16,665.381,
2012-11-17,73.482,
2012-11-18,0,
2012-11-19,760.042,
2012-11-20,694.37,
2012-11-21,668.727,
2012-11-22,710.072,
2012-11-23,682.698,
2012-11-24,74.91,
2012-11-25,0,
2012-11-26,610.383,
2012-11-27,748.991,
2012-11-28,791.664,
2012-11-29,867.655,
2012-11-30,0,
2012-12-01,106.231,
2012-12-02,0,
2012-12-03,881.763,
2012-12-04,715.799,
2012-12-05,672.406,
2012-12-06,682.781,
2012-12-07,580.579,
2012-12-08,81.231,
2012-12-09,0,
2012-12-10,895.346,
2012-12-11,677.899,
2012-12-12,702.126,
2012-12-13,746.069,
2012-12-14,733.773,
2012-12-15,84.184,
2012-12-16,1.718,
2012-12-17,904.085,
2012-12-18,695.104,
2012-12-19,778.363,
2012-12-20,751.14,
2012-12-21,856.265,
2012-12-22,113.107,
2012-12-23,0,
2012-12-24,586.22,
2012-12-25,0,
2012-12-26,0,
2012-12-27,818.951,
2012-12-28,874.367,
2012-12-29,126.5,
2012-12-30,0,
2012-12-31,0,
2013-01-01,0,
2013-01-02,820.18,
2013-01-03,686.96,
2013-01-04,618.413,
2013-01-05,85.69,
2013-01-06,0,
2013-01-07,867.941,
2013-01-08,755.263,
2013-01-09,802.636,
2013-01-10,738.382,
2013-01-11,746.301,
2013-01-12,96.406,
2013-01-13,0,
2013-01-14,854.466,
2013-01-15,703.104,
2013-01-16,762.746,
2013-01-17,757.94,
2013-01-18,692.153,
2013-01-19,93.09,
2013-01-20,0,
2013-01-21,889.27,
2013-01-22,701.772,
2013-01-23,825.759,
2013-01-24,750.778,
2013-01-25,682.767,
2013-01-26,102.822,
2013-01-27,1.718,
2013-01-28,873.455,
2013-01-29,717.09,
2013-01-30,691.836,
2013-01-31,0,
2013-02-01,744.258,
2013-02-02,78.636,
2013-02-03,1.718,
2013-02-04,805.216,
2013-02-05,641.695,
2013-02-06,605.04,
2013-02-07,565.864,
2013-02-08,600.474,
2013-02-09,82.347,
2013-02-10,0,
2013-02-11,686.935,
2013-02-12,626.88,
2013-02-13,584.912,
2013-02-14,666.919,
2013-02-15,659.645,
2013-02-16,85.811,
2013-02-17,0,
2013-02-18,834.553,
2013-02-19,703.885,
2013-02-20,754.654,
2013-02-21,699.256,
2013-02-22,704.621,
2013-02-23,79.92,
2013-02-24,0,
2013-02-25,823.708,
2013-02-26,576.745,
2013-02-27,605.358,
2013-02-28,0,
2013-03-01,703.043,
2013-03-02,82.923,
2013-03-03,0,
2013-03-04,802.778,
2013-03-05,580.541,
2013-03-06,691.101,
2013-03-07,683.838,
2013-03-08,593.517,
2013-03-09,81.62,
2013-03-10,0,
2013-03-11,783.411,
2013-03-12,715.901,
2013-03-13,809.301,
2013-03-14,677.531,
2013-03-15,687.933,
2013-03-16,86.05,
2013-03-17,0,
2013-03-18,848.891,
2013-03-19,708.684,
2013-03-20,751.843,
2013-03-21,645.171,
2013-03-22,706.916,
2013-03-23,104.204,
2013-03-24,0,
2013-03-25,916.704,
2013-03-26,633.42,
2013-03-27,847.364,
2013-03-28,721.398,
2013-03-29,464.347,
2013-03-30,58.323,
2013-03-31,0,
2013-04-01,0,
2013-04-02,774.521,
2013-04-03,668.303,
2013-04-04,714.729,
2013-04-05,600.009,
2013-04-06,81.358,
2013-04-07,0,
2013-04-08,721.771,
2013-04-09,661.961,
2013-04-10,713.652,
2013-04-11,750.339,
2013-04-12,679.478,
2013-04-13,82.899,
2013-04-14,0,
2013-04-15,765.41,
2013-04-16,629.162,
2013-04-17,640.842,
2013-04-18,665.206,
2013-04-19,734.576,
2013-04-20,79.181,
2013-04-21,0,
2013-04-22,812.426,
2013-04-23,727.444,
2013-04-24,672.974,
2013-04-25,834.77,
2013-04-26,819.07,
2013-04-27,80.393,
2013-04-28,0,
2013-04-29,822.314,
2013-04-30,0,
2013-05-01,733.405,
2013-05-02,710.085,
2013-05-03,627.356,
2013-05-04,69.093,
2013-05-05,0,
2013-05-06,695.179,
2013-05-07,599.392,
2013-05-08,767.074,
2013-05-09,0,
2013-05-10,650.666,
2013-05-11,85.566,
2013-05-12,0,
2013-05-13,964.757,
2013-05-14,694.902,
2013-05-15,702.947,
2013-05-16,681.231,
2013-05-17,653.04,
2013-05-18,83.703,
2013-05-19,0,
2013-05-20,0,
2013-05-21,965.573,
2013-05-22,751.783,
2013-05-23,785.822,
2013-05-24,707.511,
2013-05-25,71.716,
2013-05-26,0,
2013-05-27,765.302,
2013-05-28,797.337,
2013-05-29,814.397,
2013-05-30,752.109,
2013-05-31,0,
2013-06-01,85.382,
2013-06-02,0,
2013-06-03,906.873,
2013-06-04,702.136,
2013-06-05,570.703,
2013-06-06,600.628,
2013-06-07,537.707,
2013-06-08,67.23,
2013-06-09,0,
2013-06-10,815.017,
2013-06-11,717.886,
2013-06-12,753.862,
2013-06-13,696.749,
2013-06-14,672.882,
2013-06-15,63.004,
2013-06-16,0,
2013-06-17,809.096,
2013-06-18,635.278,
2013-06-19,744.902,
2013-06-20,737.745,
2013-06-21,740.489,
2013-06-22,89.592,
2013-06-23,0,
2013-06-24,902.522,
2013-06-25,668.572,
2013-06-26,785.149,
2013-06-27,630.644,
2013-06-28,710.347,
2013-06-29,96.096,
2013-06-30,0,
2013-07-01,777.537,
2013-07-02,578.889,
2013-07-03,667.626,
2013-07-04,597.384,
2013-07-05,514.561,
2013-07-06,64.291,
2013-07-07,0,
2013-07-08,663.961,
2013-07-09,615.072,
2013-07-10,699.393,
2013-07-11,654.367,
2013-07-12,607.923,
2013-07-13,86.389,
2013-07-14,0,
2013-07-15,856.681,
2013-07-16,529.074,
2013-07-17,618.652,
2013-07-18,480.186,
2013-07-19,549,
2013-07-20,78.394,
2013-07-21,0,
2013-07-22,738.858,
2013-07-23,565.17,
2013-07-24,616.641,
2013-07-25,569.498,
2013-07-26,540.929,
2013-07-27,51.887,
2013-07-28,0,
2013-07-29,699.957,
2013-07-30,575.195,
2013-07-31,0,
2013-08-01,556.594,
2013-08-02,443.249,
2013-08-03,56.439,
2013-08-04,0,
2013-08-05,651.624,
2013-08-06,574.76,
2013-08-07,702.608,
2013-08-08,646.607,
2013-08-09,599.85,
2013-08-10,89.479,
2013-08-11,0,
2013-08-12,905.984,
2013-08-13,676.552,
2013-08-14,742.627,
2013-08-15,753.983,
2013-08-16,696.575,
2013-08-17,108.964,
2013-08-18,0,
2013-08-19,1018.48,
2013-08-20,707.001,
2013-08-21,703.721,
2013-08-22,632.603,
2013-08-23,625.307,
2013-08-24,94.791,
2013-08-25,0,
2013-08-26,838.502,
2013-08-27,699.251,
2013-08-28,696.027,
2013-08-29,582.368,
2013-08-30,547.843,
2013-08-31,0,
2013-09-01,0,
2013-09-02,836.612,
2013-09-03,557.492,
2013-09-04,566.064,
2013-09-05,628.138,
2013-09-06,540.875,
2013-09-07,25.254,
2013-09-08,0,
2013-09-09,815.205,
2013-09-10,705.847,
2013-09-11,579.694,
2013-09-12,551.17,
2013-09-13,561.321,
2013-09-14,74.942,
2013-09-15,0,
2013-09-16,771.821,
2013-09-17,576.466,
2013-09-18,776.267,
2013-09-19,657.242,
2013-09-20,626.19,
2013-09-21,76.339,
2013-09-22,0,
2013-09-23,844.399,
2013-09-24,661.814,
2013-09-25,782.901,
2013-09-26,630.833,
2013-09-27,459.869,
2013-09-28,116.88,
2013-09-29,0,
2013-09-30,0,
2013-10-01,628.792,
2013-10-02,594.121,
2013-10-03,533.567,
2013-10-04,584.06,
2013-10-05,73.04,
2013-10-06,0,
2013-10-07,713.973,
2013-10-08,675.238,
2013-10-09,707.231,
2013-10-10,671.664,
2013-10-11,724.499,
2013-10-12,82.47,
2013-10-13,0,
2013-10-14,915.729,
2013-10-15,648.675,
2013-10-16,734.08,
2013-10-17,574.47,
2013-10-18,591.016,
2013-10-19,72.423,
2013-10-20,0,
2013-10-21,793.977,
2013-10-22,645.696,
2013-10-23,622.627,
2013-10-24,495.956,
2013-10-25,578.961,
2013-10-26,50.723,
2013-10-27,0,
2013-10-28,745.519,
2013-10-29,475.187,
2013-10-30,470.364,
2013-10-31,0,
2013-11-01,508.175,
2013-11-02,41.272,
2013-11-03,0,
2013-11-04,509.709,
2013-11-05,498.403,
2013-11-06,508.589,
2013-11-07,444.766,
2013-11-08,376.456,
2013-11-09,56.596,
2013-11-10,0,
2013-11-11,722.8,
2013-11-12,611.105,
2013-11-13,640.544,
2013-11-14,682.375,
2013-11-15,576.947,
2013-11-16,76.33,
2013-11-17,0,
2013-11-18,892.675,
2013-11-19,873.274,
2013-11-20,894.898,
2013-11-21,841.515,
2013-11-22,812.948,
2013-11-23,113.107,
2013-11-24,0,
2013-11-25,1117.39,
2013-11-26,948.49,
2013-11-27,906.861,
2013-11-28,761.027,
2013-11-29,904.384,
2013-11-30,0,
2013-12-01,0,
2013-12-02,1179.738,
2013-12-03,1002.361,
2013-12-04,816.422,
2013-12-05,733.653,
2013-12-06,743.904,
2013-12-07,89.858,
2013-12-08,0,
2013-12-09,1111.255,
2013-12-10,814.283,
2013-12-11,668.325,
2013-12-12,538.276,
2013-12-13,784.298,
2013-12-14,92.762,
2013-12-15,0,
2013-12-16,866.372,
2013-12-17,841.068,
2013-12-18,917.852,
2013-12-19,881.165,
2013-12-20,946.05,
2013-12-21,124.707,
2013-12-22,0,
2013-12-23,1029.476,
2013-12-24,641.123,
2013-12-25,0,
2013-12-26,0,
2013-12-27,911.284,
2013-12-28,146.514,
2013-12-29,0,
2013-12-30,1255.444,
2013-12-31,0,
2014-01-01,0,
2014-01-02,1077.956,
2014-01-03,819.109,
2014-01-04,109.39,
2014-01-05,0,
2014-01-06,1118.136,
2014-01-07,2117.035,
2014-01-08,1907.759,
2014-01-09,982.562,
2014-01-10,775.215,
2014-01-11,142.052,
2014-01-12,0,
2014-01-13,1001.959,
2014-01-14,911.906,
2014-01-15,745.775,
2014-01-16,786.437,
2014-01-17,656.563,
2014-01-18,82.349,
2014-01-19,0,
2014-01-20,964.106,
2014-01-21,757.22,
2014-01-22,674.977,
2014-01-23,752.679,
2014-01-24,644.434,
2014-01-25,114.662,
2014-01-26,0,
2014-01-27,1110.659,
2014-01-28,907.289,
2014-01-29,798.119,
2014-01-30,720.518,
2014-01-31,0,
2014-02-01,148.54,
2014-02-02,0,
2014-02-03,1258.722,
2014-02-04,959.528,
2014-02-05,825.055,
2014-02-06,806.338,
2014-02-07,734.633,
2014-02-08,115.347,
2014-02-09,0,
2014-02-10,873.794,
2014-02-11,765.573,
2014-02-12,642.795,
2014-02-13,694.497,
2014-02-14,668.505,
2014-02-15,15.185,
2014-02-16,0,
2014-02-17,1077.188,
2014-02-18,870.823,
2014-02-19,807.031,
2014-02-20,843.392,
2014-02-21,712.222,
2014-02-22,120.563,
2014-02-23,0,
2014-02-24,1155.062,
2014-02-25,1144.014,
2014-02-26,960.422,
2014-02-27,746.835,
2014-02-28,0,
2014-03-01,121.516,
2014-03-02,0,
2014-03-03,965.967,
2014-03-04,836.541,
2014-03-05,873.842,
2014-03-06,996.437,
2014-03-07,839.064,
2014-03-08,114.572,
2014-03-09,0,
2014-03-10,945.387,
2014-03-11,998.452,
2014-03-12,751.469,
2014-03-13,655.728,
2014-03-14,626.063,
2014-03-15,89.82,
2014-03-16,0,
2014-03-17,1109.294,
2014-03-18,964.695,
2014-03-19,708.76,
2014-03-20,676.891,
2014-03-21,775.027,
2014-03-22,128.745,
2014-03-23,0,
2014-03-24,1273.228,
2014-03-25,1142.838,
2014-03-26,978.736,
2014-03-27,1004.719,
2014-03-28,697.235,
2014-03-29,98.955,
2014-03-30,0,
2014-03-31,0,
2014-04-01,1020.813,
2014-04-02,868.001,
2014-04-03,736.303,
2014-04-04,579.402,
2014-04-05,91.509,
2014-04-06,0,
2014-04-07,922.492,
2014-04-08,680.652,
2014-04-09,511.124,
2014-04-10,559.595,
2014-04-11,475.214,
2014-04-12,78.298,
2014-04-13,0,
2014-04-14,750.69,
2014-04-15,668.67,
2014-04-16,542.574,
2014-04-17,782.541,
2014-04-18,653.764,
2014-04-19,94.736,
2014-04-20,0,
2014-04-21,0,
2014-04-22,1416.858,
2014-04-23,953.879,
2014-04-24,966.203,
2014-04-25,871.033,
2014-04-26,0,
2014-04-27,0,
2014-04-28,966.765,
2014-04-29,878.635,
2014-04-30,0,
2014-05-01,773.246,
2014-05-02,636.327,
2014-05-03,71.443,
2014-05-04,0,
2014-05-05,593.311,
2014-05-06,780.243,
2014-05-07,809.752,
2014-05-08,656.398,
2014-05-09,514.677,
2014-05-10,82.69,
2014-05-11,0,
2014-05-12,943.771,
2014-05-13,948.979,
2014-05-14,760.056,
2014-05-15,712.279,
2014-05-16,567.873,
2014-05-17,12.159,
2014-05-18,0,
2014-05-19,887.469,
2014-05-20,841.038,
2014-05-21,811.431,
2014-05-22,870.29,
2014-05-23,637.867,
2014-05-24,79.891,
2014-05-25,0,
2014-05-26,963.559,
2014-05-27,985.801,
2014-05-28,913.3,
2014-05-29,0,
2014-05-30,700.322,
2014-05-31,0,
2014-06-01,0,
2014-06-02,1195.464,
2014-06-03,729.342,
2014-06-04,696.674,
2014-06-05,632.428,
2014-06-06,460.767,
2014-06-07,75.958,
2014-06-08,0,
2014-06-09,0,
2014-06-10,1094.577,
2014-06-11,605.778,
2014-06-12,774.599,
2014-06-13,627.365,
2014-06-14,85.673,
2014-06-15,0,
2014-06-16,927.934,
2014-06-17,882.946,
2014-06-18,751.629,
2014-06-19,797.629,
2014-06-20,711.141,
2014-06-21,101.566,
2014-06-22,0,
2014-06-23,1042.163,
2014-06-24,921.005,
2014-06-25,763.378,
2014-06-26,806.152,
2014-06-27,674.624,
2014-06-28,16.03,
2014-06-29,0,
2014-06-30,1101.139,
2014-07-01,987.338,
2014-07-02,692.775,
2014-07-03,632.794,
2014-07-04,537.098,
2014-07-05,105.439,
2014-07-06,0,
2014-07-07,794.397,
2014-07-08,686.605,
2014-07-09,567.45,
2014-07-10,688.077,
2014-07-11,706.825,
2014-07-12,113.189,
2014-07-13,0,
2014-07-14,830.826,
2014-07-15,853.201,
2014-07-16,609.215,
2014-07-17,568.749,
2014-07-18,475.621,
2014-07-19,78.486,
2014-07-20,0,
2014-07-21,969.279,
2014-07-22,717.528,
2014-07-23,528.553,
2014-07-24,580.45,
2014-07-25,572.549,
2014-07-26,79.766,
2014-07-27,0,
2014-07-28,1010.249,
2014-07-29,773.253,
2014-07-30,714.766,
2014-07-31,822.256,
2014-08-01,704.633,
2014-08-02,96.214,
2014-08-03,0,
2014-08-04,828.797,
2014-08-05,684.627,
2014-08-06,624.346,
2014-08-07,577.129,
2014-08-08,543.255,
2014-08-09,75.208,
2014-08-10,0,
2014-08-11,862.8,
2014-08-12,750.534,
2014-08-13,670.528,
2014-08-14,860.33,
2014-08-15,739.136,
2014-08-16,108.367,
2014-08-17,0,
2014-08-18,994.38,
2014-08-19,1080.893,
2014-08-20,888.337,
2014-08-21,821.374,
2014-08-22,845.636,
2014-08-23,100.634,
2014-08-24,0,
2014-08-25,1015.998,
2014-08-26,847.415,
2014-08-27,640.202,
2014-08-28,760.792,
2014-08-29,709.295,
2014-08-30,90.349,
2014-08-31,0,
2014-09-01,986.636,
2014-09-02,802.151,
2014-09-03,766.905,
2014-09-04,844.395,
2014-09-05,728.634,
2014-09-06,84.138,
2014-09-07,0,
2014-09-08,853.716,
2014-09-09,778.637,
2014-09-10,680.553,
2014-09-11,675.212,
2014-09-12,503.527,
2014-09-13,86.473,
2014-09-14,-1,
2014-09-15,816.666,
2014-09-16,713.407,
2014-09-17,652.981,
2014-09-18,635.752,
2014-09-19,617.888,
2014-09-20,94.519,
2014-09-21,0,
2014-09-22,1041.679,
2014-09-23,816.001,
2014-09-24,736.606,
2014-09-25,701.443,
2014-09-26,582.978,
2014-09-27,26.505,
2014-09-28,0,
2014-09-29,999.617,
2014-09-30,812.675,
2014-10-01,649.911,
2014-10-02,596.484,
2014-10-03,477.449,
2014-10-04,82.597,
2014-10-05,0,
2014-10-06,845.685,
2014-10-07,750.773,
2014-10-08,579.667,
2014-10-09,552.787,
2014-10-10,487.658,
2014-10-11,70.341,
2014-10-12,0,
2014-10-13,935.521,
2014-10-14,779.407,
2014-10-15,633.138,
2014-10-16,647.859,
2014-10-17,541.225,
2014-10-18,87.118,
2014-10-19,0,
2014-10-20,908.52,
2014-10-21,752.435,
2014-10-22,694.007,
2014-10-23,617.242,
2014-10-24,672.171,
2014-10-25,79.721,
2014-10-26,0,
2014-10-27,875.922,
2014-10-28,671.525,
2014-10-29,589.783,
2014-10-30,537.421,
2014-10-31,414.723,
2014-11-01,80.705,
2014-11-02,0,
2014-11-03,942.707,
2014-11-04,786.257,
2014-11-05,619.269,
2014-11-06,623.619,
2014-11-07,530.833,
2014-11-08,72.238,
2014-11-09,0,
2014-11-10,659.982,
2014-11-11,640.217,
2014-11-12,581.569,
2014-11-13,573.469,
2014-11-14,527.387,
2014-11-15,84.692,
2014-11-16,0,
2014-11-17,829.718,
2014-11-18,662.823,
2014-11-19,669.778,
2014-11-20,775.539,
2014-11-21,915.488,
2014-11-22,26.134,
2014-11-23,0,
2014-11-24,1004.721,
2014-11-25,801.352,
2014-11-26,815.708,
2014-11-27,812.776,
2014-11-28,701.903,
2014-11-29,80.129,
2014-11-30,0,
2014-12-01,970.915,
2014-12-02,760.752,
2014-12-03,655.489,
2014-12-04,662.42,
2014-12-05,570.904,
2014-12-06,79.143,
2014-12-07,0,
2014-12-08,920.775,
2014-12-09,755.12,
2014-12-10,754.519,
2014-12-11,745.959,
2014-12-12,687.536,
2014-12-13,93.088,
2014-12-14,0,
2014-12-15,812.835,
2014-12-16,720.91,
2014-12-17,755.024,
2014-12-18,765.921,
2014-12-19,795.1,
2014-12-20,19.976,
2014-12-21,0,
2014-12-22,971.769,
2014-12-23,811.223,
2014-12-24,534.122,
2014-12-25,0,
2014-12-26,0,
2014-12-27,124.469,
2014-12-28,0,
2014-12-29,1097.229,
2014-12-30,666.769,
2014-12-31,593.043,
2015-01-01,0,
2015-01-02,835.211,
2015-01-03,133.966,
2015-01-04,0,
2015-01-05,1249.022,
2015-01-06,958.089,
2015-01-07,870.411,
2015-01-08,807.241,
2015-01-09,657.744,
2015-01-10,111.374,
2015-01-11,0,
2015-01-12,1102.692,
2015-01-13,1008.538,
2015-01-14,818.195,
2015-01-15,922.787,
2015-01-16,719.479,
2015-01-17,103.951,
2015-01-18,0,
2015-01-19,1165.06,
2015-01-20,1001.366,
2015-01-21,918.268,
2015-01-22,905.694,
2015-01-23,817.888,
2015-01-24,112.203,
2015-01-25,0,
2015-01-26,1217.253,
2015-01-27,1029.613,
2015-01-28,873.167,
2015-01-29,849.957,
2015-01-30,989.93,
2015-01-31,121.133,
2015-02-01,0,
2015-02-02,1354.242,
2015-02-03,1012.091,
2015-02-04,776.393,
2015-02-05,596.119,
2015-02-06,536.506,
2015-02-07,87.496,
2015-02-08,0,
2015-02-09,876.893,
2015-02-10,786.841,
2015-02-11,638.96,
2015-02-12,626.323,
2015-02-13,539.996,
2015-02-14,90.247,
2015-02-15,0,
2015-02-16,917.524,
2015-02-17,815.283,
2015-02-18,659.919,
2015-02-19,731.054,
2015-02-20,668.132,
2015-02-21,116.665,
2015-02-22,0,
2015-02-23,1215.637,
2015-02-24,835.611,
2015-02-25,681.635,
2015-02-26,708.433,
2015-02-27,654.582,
2015-02-28,19.525,
2015-03-01,0,
2015-03-02,1024.236,
2015-03-03,770.985,
2015-03-04,639.575,
2015-03-05,534.076,
2015-03-06,481.952,
2015-03-07,73.977,
2015-03-08,0,
2015-03-09,758.79,
2015-03-10,588.04,
2015-03-11,554.527,
2015-03-12,532.081,
2015-03-13,459.564,
2015-03-14,62.575,
2015-03-15,0,
2015-03-16,739.542,
2015-03-17,695.911,
2015-03-18,659.551,
2015-03-19,606.928,
2015-03-20,531.345,
2015-03-21,87.394,
2015-03-22,0,
2015-03-23,859.022,
2015-03-24,674.609,
2015-03-25,638.559,
2015-03-26,587.308,
2015-03-27,517.513,
2015-03-28,62.66,
2015-03-29,0,
2015-03-30,783.792,
2015-03-31,750.006,
2015-04-01,664.314,
2015-04-02,553.908,
2015-04-03,384.004,
2015-04-04,49.816,
2015-04-05,0,
2015-04-06,0,
2015-04-07,842.187,
2015-04-08,549.507,
2015-04-09,471.497,
2015-04-10,476.728,
2015-04-11,71.854,
2015-04-12,0,
2015-04-13,659.857,
2015-04-14,618.052,
2015-04-15,514.106,
2015-04-16,634.726,
2015-04-17,483.52,
2015-04-18,76.955,
2015-04-19,0,
2015-04-20,728.925,
2015-04-21,626.972,
2015-04-22,552.013,
2015-04-23,611.536,
2015-04-24,477.944,
2015-04-25,11.462,
2015-04-26,0,
2015-04-27,0,
2015-04-28,922.606,
2015-04-29,703.287,
2015-04-30,646.515,
2015-05-01,546.514,
2015-05-02,82.773,
2015-05-03,0.718,
2015-05-04,699.161,
2015-05-05,0,
2015-05-06,765.423,
2015-05-07,599.208,
2015-05-08,508.204,
2015-05-09,73.606,
2015-05-10,0,
2015-05-11,578.909,
2015-05-12,635.13,
2015-05-13,665.011,
2015-05-14,0,
2015-05-15,540.524,
2015-05-16,80.024,
2015-05-17,0,
2015-05-18,1065.555,
2015-05-19,886.923,
2015-05-20,704.794,
2015-05-21,756.46,
2015-05-22,656.007,
2015-05-23,92.636,
2015-05-24,0,
2015-05-25,0,
2015-05-26,1122.97,
2015-05-27,880.592,
2015-05-28,772.499,
2015-05-29,610.94,
2015-05-30,17.744,
2015-05-31,0,
2015-06-01,967.227,
2015-06-02,968.57,
2015-06-03,826.452,
2015-06-04,550.972,
2015-06-05,506.9,
2015-06-06,80.512,
2015-06-07,0,
2015-06-08,908.87,
2015-06-09,913.45,
2015-06-10,743.083,
2015-06-11,611.22,
2015-06-12,545.194,
2015-06-13,82.426,
2015-06-14,0,
2015-06-15,960.815,
2015-06-16,838.735,
2015-06-17,653.827,
2015-06-18,737.254,
2015-06-19,659.743,
2015-06-20,85.405,
2015-06-21,0,
2015-06-22,1006.846,
2015-06-23,1089.575,
2015-06-24,789.977,
2015-06-25,579.18,
2015-06-26,568.926,
2015-06-27,66.612,
2015-06-28,0,
2015-06-29,935.598,
2015-06-30,781.333,
2015-07-01,711.348,
2015-07-02,672.577,
2015-07-03,560.372,
2015-07-04,20.31,
2015-07-05,0,
2015-07-06,871.134,
2015-07-07,797.051,
2015-07-08,747.754,
2015-07-09,626.507,
2015-07-10,501.823,
2015-07-11,59.421,
2015-07-12,0,
2015-07-13,935.634,
2015-07-14,891.246,
2015-07-15,691.584,
2015-07-16,690.005,
2015-07-17,572.477,
2015-07-18,18.515,
2015-07-19,0,
2015-07-20,1066.305,
2015-07-21,720.185,
2015-07-22,599.871,
2015-07-23,679.955,
2015-07-24,613.505,
2015-07-25,103.15,
2015-07-26,0,
2015-07-27,926.784,
2015-07-28,617.38,
2015-07-29,652.765,
2015-07-30,748.461,
2015-07-31,641.957,
2015-08-01,73.673,
2015-08-02,0,
2015-08-03,823.456,
2015-08-04,744.501,
2015-08-05,505.069,
2015-08-06,499.537,
2015-08-07,523.554,
2015-08-08,64.669,
2015-08-09,0,
2015-08-10,874.117,
2015-08-11,656.212,
2015-08-12,534.742,
2015-08-13,593.034,
2015-08-14,585.734,
2015-08-15,78.852,
2015-08-16,0,
2015-08-17,1003.316,
2015-08-18,777.008,
2015-08-19,548.279,
2015-08-20,685.69,
2015-08-21,744.574,
2015-08-22,68.174,
2015-08-23,0,
2015-08-24,1071.087,
2015-08-25,785.365,
2015-08-26,669.469,
2015-08-27,668.519,
2015-08-28,694.977,
2015-08-29,71.391,
2015-08-30,0,
2015-08-31,1118.185,
2015-09-01,860.745,
2015-09-02,482.557,
2015-09-03,779.619,
2015-09-04,579.38,
2015-09-05,61.685,
2015-09-06,0,
2015-09-07,794.269,
2015-09-08,638.215,
2015-09-09,539.55,
2015-09-10,538.398,
2015-09-11,503.099,
2015-09-12,64.198,
2015-09-13,0,
2015-09-14,907.976,
2015-09-15,798.545,
2015-09-16,775.776,
2015-09-17,739.149,
2015-09-18,673.392,
2015-09-19,85.625,
2015-09-20,0,
2015-09-21,908.877,
2015-09-22,673.919,
2015-09-23,631.219,
2015-09-24,618.699,
2015-09-25,801.177,
2015-09-26,94.426,
2015-09-27,0,
2015-09-28,902.4,
2015-09-29,876.455,
2015-09-30,756.899,
2015-10-01,824.68,
2015-10-02,681.299,
2015-10-03,78.71,
2015-10-04,0,
2015-10-05,782.423,
2015-10-06,782.438,
2015-10-07,615.413,
2015-10-08,623.088,
2015-10-09,681.219,
2015-10-10,88.558,
2015-10-11,0,
2015-10-12,728.558,
2015-10-13,681.034,
2015-10-14,681.192,
2015-10-15,687.524,
2015-10-16,619.076,
2015-10-17,83.012,
2015-10-18,0,
2015-10-19,912.591,
2015-10-20,707.264,
2015-10-21,780.617,
2015-10-22,659.434,
2015-10-23,766.192,
2015-10-24,88.978,
2015-10-25,0,
2015-10-26,928.758,
2015-10-27,701.715,
2015-10-28,699.354,
2015-10-29,680.871,
2015-10-30,704.46,
2015-10-31,83.993,
2015-11-01,0,
2015-11-02,901.161,
2015-11-03,703.885,
2015-11-04,603.53,
2015-11-05,601.048,
2015-11-06,530.368,
2015-11-07,68.746,
2015-11-08,0,
2015-11-09,758.277,
2015-11-10,646.828,
2015-11-11,554.821,
2015-11-12,618.265,
2015-11-13,495.492,
2015-11-14,84.93,
2015-11-15,0,
2015-11-16,935.279,
2015-11-17,768.986,
2015-11-18,647.908,
2015-11-19,610.702,
2015-11-20,610.683,
2015-11-21,95.322,
2015-11-22,0,
2015-11-23,417.869,
2015-11-24,84.699,
2015-11-25,72.912,
2015-11-26,550.862,
2015-11-27,786.052,
2015-11-28,98.931,
2015-11-29,0,
2015-11-30,1126.068,
2015-12-01,995.068,
2015-12-02,725.302,
2015-12-03,648.518,
2015-12-04,654.709,
2015-12-05,74.293,
2015-12-06,0,
2015-12-07,816.135,
2015-12-08,726.324,
2015-12-09,595.928,
2015-12-10,472.986,
2015-12-11,650.327,
2015-12-12,72.139,
2015-12-13,0,
2015-12-14,959.555,
2015-12-15,763.538,
2015-12-16,789.592,
2015-12-17,855.724,
2015-12-18,911.199,
2015-12-19,81.484,
2015-12-20,0,
2015-12-21,1108.054,
2015-12-22,688.36,
2015-12-23,831.071,
2015-12-24,491.194,
2015-12-25,0,
2015-12-26,0,
2015-12-27,0,
2015-12-28,820.925,
2015-12-29,853.204,
2015-12-30,951.326,
2015-12-31,449.707,
2016-01-01,0,
2016-01-02,84.064,
2016-01-03,0,
2016-01-04,1125.967,
2016-01-05,842.907,
2016-01-06,696.704,
2016-01-07,620.321,
2016-01-08,558.434,
2016-01-09,87.219,
2016-01-10,0,
2016-01-11,857.992,
2016-01-12,751.572,
2016-01-13,694.931,
2016-01-14,667.384,
2016-01-15,548.196,
2016-01-16,81.125,
2016-01-17,0,
2016-01-18,925.994,
2016-01-19,719.319,
2016-01-20,736.061,
2016-01-21,614.969,
2016-01-22,673.817,
2016-01-23,83.893,
2016-01-24,0,
2016-01-25,1172.197,
2016-01-26,766.622,
2016-01-27,722.838,
2016-01-28,677.067,
2016-01-29,649.494,
2016-01-30,89.708,
2016-01-31,0,
2016-02-01,910.65,
2016-02-02,673.476,
2016-02-03,609.361,
2016-02-04,525.49,
2016-02-05,445.455,
2016-02-06,61.019,
2016-02-07,0,
2016-02-08,691.416,
2016-02-09,636.196,
2016-02-10,543.048,
2016-02-11,526.879,
2016-02-12,443.179,
2016-02-13,41.565,
2016-02-14,0,
2016-02-15,723.761,
2016-02-16,707.854,
2016-02-17,552.549,
2016-02-18,559.886,
2016-02-19,462.851,
2016-02-20,66.079,
2016-02-21,0,
2016-02-22,771.175,
2016-02-23,710.261,
2016-02-24,643.166,
2016-02-25,546.141,
2016-02-26,562.344,
2016-02-27,82.829,
2016-02-28,0,
2016-02-29,861.924,
2016-03-01,663.128,
2016-03-02,614.179,
2016-03-03,547.685,
2016-03-04,556.975,
2016-03-05,70.614,
2016-03-06,0,
2016-03-07,743.641,
2016-03-08,580.759,
2016-03-09,520.812,
2016-03-10,503.156,
2016-03-11,401.312,
2016-03-12,65.226,
2016-03-13,0,
2016-03-14,673.268,
2016-03-15,621.182,
2016-03-16,516.808,
2016-03-17,540.743,
2016-03-18,489.738,
2016-03-19,55.086,
2016-03-20,0,
2016-03-21,868.649,
2016-03-22,645.956,
2016-03-23,556.272,
2016-03-24,514.295,
2016-03-25,400.925,
2016-03-26,72.717,
2016-03-27,0,
2016-03-28,0,
2016-03-29,1174.516,
2016-03-30,746.129,
2016-03-31,685.806,
2016-04-01,589.274,
2016-04-02,91.964,
2016-04-03,0,
2016-04-04,832.292,
2016-04-05,649.72,
2016-04-06,573.695,
2016-04-07,546.852,
2016-04-08,442.93,
2016-04-09,71.826,
2016-04-10,0,
2016-04-11,713.32,
2016-04-12,580.558,
2016-04-13,596.461,
2016-04-14,576.253,
2016-04-15,449.784,
2016-04-16,62.201,
2016-04-17,0,
2016-04-18,743.032,
2016-04-19,642.731,
2016-04-20,524.309,
2016-04-21,538.093,
2016-04-22,485.333,
2016-04-23,62.642,
2016-04-24,0,
2016-04-25,826.798,
2016-04-26,704.286,
2016-04-27,0,
2016-04-28,951.832,
2016-04-29,835.668,
2016-04-30,79.148,
2016-05-01,0,
2016-05-02,806.338,
2016-05-03,616.842,
2016-05-04,502.621,
2016-05-05,0,
2016-05-06,410.323,
2016-05-07,34.573,
2016-05-08,0,
2016-05-09,635.151,
2016-05-10,643.133,
2016-05-11,620.186,
2016-05-12,570.183,
2016-05-13,458.821,
2016-05-14,70.921,
2016-05-15,0,
2016-05-16,0,
2016-05-17,978.128,
2016-05-18,727.088,
2016-05-19,566.166,
2016-05-20,605.669,
2016-05-21,57.447,
2016-05-22,0,
2016-05-23,888.084,
2016-05-24,721.392,
2016-05-25,725.92,
2016-05-26,733.337,
2016-05-27,568.414,
2016-05-28,63.353,
2016-05-29,0,
2016-05-30,1021.665,
2016-05-31,907.455,
2016-06-01,776.205,
2016-06-02,738.63,
2016-06-03,579.334,
2016-06-04,83.523,
2016-06-05,0,
2016-06-06,737.891,
2016-06-07,593.604,
2016-06-08,558.093,
2016-06-09,483.814,
2016-06-10,490.584,
2016-06-11,76.591,
2016-06-12,0,
2016-06-13,766.867,
2016-06-14,706.261,
2016-06-15,580.404,
2016-06-16,613.854,
2016-06-17,572.118,
2016-06-18,83.246,
2016-06-19,0,
2016-06-20,814.769,
2016-06-21,671.785,
2016-06-22,495.028,
2016-06-23,492.392,
2016-06-24,564.714,
2016-06-25,58.176,
2016-06-26,0,
2016-06-27,829.311,
2016-06-28,593.738,
2016-06-29,583.953,
2016-06-30,578.063,
2016-07-01,527.55,
2016-07-02,73.418,
2016-07-03,-1,
2016-07-04,663.179,
2016-07-05,589.058,
2016-07-06,467.87,
2016-07-07,452.761,
2016-07-08,438.731,
2016-07-09,47.025,
2016-07-10,0,
2016-07-11,780.268,
2016-07-12,536.427,
2016-07-13,528.094,
2016-07-14,529.277,
2016-07-15,494.645,
2016-07-16,47.917,
2016-07-17,-1,
2016-07-18,702.149,
2016-07-19,553.151,
2016-07-20,466.2,
2016-07-21,537.09,
2016-07-22,474.257,
2016-07-23,71.947,
2016-07-24,-1,
2016-07-25,953.489,
2016-07-26,735.356,
2016-07-27,650.2,
2016-07-28,671.112,
2016-07-29,433.746,
2016-07-30,73.438,
2016-07-31,-1,
2016-08-01,819.063,
2016-08-02,751.37,
2016-08-03,589.21,
2016-08-04,490.014,
2016-08-05,428.843,
2016-08-06,59.701,
2016-08-07,-1,
2016-08-08,636.662,
2016-08-09,605.31,
2016-08-10,501.522,
2016-08-11,491.161,
2016-08-12,376.553,
2016-08-13,58.094,
2016-08-14,-1,
2016-08-15,686.123,
2016-08-16,574.129,
2016-08-17,541.54,
2016-08-18,463.505,
2016-08-19,482.42,
2016-08-20,68.231,
2016-08-21,-1,
2016-08-22,877.391,
2016-08-23,533.577,
2016-08-24,519.363,
2016-08-25,441.534,
2016-08-26,524.344,
2016-08-27,53.362,
2016-08-28,-1,
2016-08-29,900.107,
2016-08-30,707.179,
2016-08-31,617.393,
2016-09-01,642.541,
2016-09-02,502.396,
2016-09-03,67.742,
2016-09-04,-1,
2016-09-05,740.967,
2016-09-06,602.815,
2016-09-07,431.24,
2016-09-08,439.188,
2016-09-09,399.422,
2016-09-10,53.001,
2016-09-11,-1,
2016-09-12,590.909,
2016-09-13,537.765,
2016-09-14,471.836,
2016-09-15,452.822,
2016-09-16,436.803,
2016-09-17,5.568,
2016-09-18,-1,
2016-09-19,656.728,
2016-09-20,634.83,
2016-09-21,511.724,
2016-09-22,458.647,
2016-09-23,431.177,
2016-09-24,44.112,
2016-09-25,-1,
2016-09-26,754.138,
2016-09-27,771.051,
2016-09-28,618.842,
2016-09-29,584.399,
2016-09-30,552.248,
2016-10-01,73.575,
2016-10-02,-1,
2016-10-03,825.955,
2016-10-04,493.458,
2016-10-05,434.466,
2016-10-06,460.343,
2016-10-07,419.917,
2016-10-08,59.625,
2016-10-09,-1,
2016-10-10,634.562,
2016-10-11,575.876,
2016-10-12,481.781,
2016-10-13,560.773,
2016-10-14,447.837,
2016-10-15,70.151,
2016-10-16,-1,
2016-10-17,571.583,
2016-10-18,484.742,
2016-10-19,430.443,
2016-10-20,462.533,
2016-10-21,404.821,
2016-10-22,64.619,
2016-10-23,-1,
2016-10-24,738.738,
2016-10-25,610.653,
2016-10-26,662.181,
2016-10-27,609.585,
2016-10-28,535.677,
2016-10-29,73.186,
2016-10-30,-1,
2016-10-31,715.37,
2016-11-01,629.035,
2016-11-02,572.143,
2016-11-03,465.557,
2016-11-04,459.256,
2016-11-05,57.33,
2016-11-06,-1,
2016-11-07,602.468,
2016-11-08,593.335,
2016-11-09,500.152,
2016-11-10,496.42,
2016-11-11,488.898,
2016-11-12,56.545,
2016-11-13,-1,
2016-11-14,667.308,
2016-11-15,620.629,
2016-11-16,532.127,
2016-11-17,466.956,
2016-11-18,428.756,
2016-11-19,50.205,
2016-11-20,0,
2016-11-21,730.169,
2016-11-22,684.058,
2016-11-23,604.226,
2016-11-24,763.059,
2016-11-25,600.759,
2016-11-26,49.707,
2016-11-27,0,
2016-11-28,800.223,
2016-11-29,716.654,
2016-11-30,717.19,
2016-12-01,771.267,
2016-12-02,585.056,
2016-12-03,51.772,
2016-12-04,-1,
2016-12-05,748.756,
2016-12-06,623.307,
2016-12-07,596.086,
2016-12-08,564.916,
2016-12-09,448.361,
2016-12-10,76.927,
2016-12-11,-1,
2016-12-12,791.258,
2016-12-13,748.994,
2016-12-14,665.952,
2016-12-15,608.19,
2016-12-16,531.268,
2016-12-17,77.321,
2016-12-18,-1,
2016-12-19,650.945,
2016-12-20,702.637,
2016-12-21,689.62,
2016-12-22,663.556,
2016-12-23,494.549,
2016-12-24,60.864,
2016-12-25,0,
2016-12-26,0,
2016-12-27,669.052,
2016-12-28,672.576,
2016-12-29,667.766,
2016-12-30,507.227,
2016-12-31,63.663,
2017-01-01,0,
2017-01-02,858.52,
2017-01-03,640.646,
2017-01-04,566.796,
2017-01-05,559.629,
2017-01-06,472.572,
2017-01-07,42.518,
2017-01-08,-1,
2017-01-09,725.502,
2017-01-10,629.29,
2017-01-11,608.615,
2017-01-12,497.645,
2017-01-13,440.535,
2017-01-14,53.227,
2017-01-15,-1,
2017-01-16,768.3,
2017-01-17,658.68,
2017-01-18,543.591,
2017-01-19,542.691,
2017-01-20,571.28,
2017-01-21,63.178,
2017-01-22,-1,
2017-01-23,927.791,
2017-01-24,634.154,
2017-01-25,777.728,
2017-01-26,653.323,
2017-01-27,554.881,
2017-01-28,59.829,
2017-01-29,0,
2017-01-30,932.291,
2017-01-31,688.424,
2017-02-01,668.506,
2017-02-02,580.074,
2017-02-03,544.537,
2017-02-04,67.695,
2017-02-05,-1,
2017-02-06,707.985,
2017-02-07,612.424,
2017-02-08,503.316,
2017-02-09,523.188,
2017-02-10,463.962,
2017-02-11,57.508,
2017-02-12,-1,
2017-02-13,716.047,
2017-02-14,526.174,
2017-02-15,551.187,
2017-02-16,535.103,
2017-02-17,468.65,
2017-02-18,54.785,
2017-02-19,-1,
2017-02-20,783.625,
2017-02-21,688.863,
2017-02-22,587.969,
2017-02-23,517.117,
2017-02-24,633.366,
2017-02-25,81.006,
2017-02-26,0,
2017-02-27,896.844,
2017-02-28,720.263,
2017-03-01,639.952,
2017-03-02,579.505,
2017-03-03,497.181,
2017-03-04,50.813,
2017-03-05,-1,
2017-03-06,731.802,
2017-03-07,535.496,
2017-03-08,520.31,
2017-03-09,426.836,
2017-03-10,409.116,
2017-03-11,58.055,
2017-03-12,-1,
2017-03-13,636.2,
2017-03-14,585.632,
2017-03-15,443.102,
2017-03-16,438.27,
2017-03-17,416.182,
2017-03-18,44.254,
2017-03-19,-1,
2017-03-20,792.141,
2017-03-21,900.265,
2017-03-22,617.325,
2017-03-23,554.457,
2017-03-24,471.743,
2017-03-25,44.584,
2017-03-26,0,
2017-03-27,623.634,
2017-03-28,681.985,
2017-03-29,626.812,
2017-03-30,670.351,
2017-03-31,527.893,
2017-04-01,70.988,
2017-04-02,0,
2017-04-03,765.092,
2017-04-04,583.249,
2017-04-05,478.378,
2017-04-06,455.516,
2017-04-07,395.77,
2017-04-08,55.099,
2017-04-09,-1,
2017-04-10,576.854,
2017-04-11,502.585,
2017-04-12,445.333,
2017-04-13,447.012,
2017-04-14,291.651,
2017-04-15,51.441,
2017-04-16,-1,
2017-04-17,0,
2017-04-18,772.446,
2017-04-19,524.355,
2017-04-20,434.282,
2017-04-21,437.751,
2017-04-22,66.164,
2017-04-23,0,
2017-04-24,778.425,
2017-04-25,645.459,
2017-04-26,589.988,
2017-04-27,0,
2017-04-28,680.288,
2017-04-29,97.612,
2017-04-30,0,
2017-05-01,799.497,
2017-05-02,581.182,
2017-05-03,521.688,
2017-05-04,529.508,
2017-05-05,443.718,
2017-05-06,62.256,
2017-05-07,-1,
2017-05-08,740.872,
2017-05-09,651.947,
2017-05-10,524.254,
2017-05-11,551.409,
2017-05-12,455.39,
2017-05-13,61.687,
2017-05-14,-1,
2017-05-15,758.555,
2017-05-16,598.194,
2017-05-17,333.015,
2017-05-18,473.403,
2017-05-19,484.749,
2017-05-20,50.623,
2017-05-21,-1,
2017-05-22,636.116,
2017-05-23,637.746,
2017-05-24,530.828,
2017-05-25,0,
2017-05-26,316.292,
2017-05-27,37.222,
2017-05-28,0,
2017-05-29,678.181,
2017-05-30,516.535,
2017-05-31,479.749,
2017-06-01,622.493,
2017-06-02,424.319,
2017-06-03,50.962,
2017-06-04,-1,
2017-06-05,-1,
2017-06-06,679.992,
2017-06-07,485.876,
2017-06-08,388.977,
2017-06-09,312.412,
2017-06-10,53.238,
2017-06-11,-1,
2017-06-12,600.219,
2017-06-13,470.434,
2017-06-14,385.432,
2017-06-15,421.465,
2017-06-16,389.443,
2017-06-17,42.945,
2017-06-18,-1,
2017-06-19,485.431,
2017-06-20,503.158,
2017-06-21,495.692,
2017-06-22,493.342,
2017-06-23,410.648,
2017-06-24,49.576,
2017-06-25,0,
2017-06-26,600.205,
2017-06-27,491.882,
2017-06-28,527.943,
2017-06-29,476.401,
2017-06-30,419.22,
2017-07-01,47.126,
2017-07-02,0,
2017-07-03,555.855,
2017-07-04,426.378,
2017-07-05,354.206,
2017-07-06,316.09,
2017-07-07,282.912,
2017-07-08,48.859,
2017-07-09,0,
2017-07-10,496.749,
2017-07-11,421.036,
2017-07-12,382.214,
2017-07-13,361.879,
2017-07-14,335.59,
2017-07-15,41.648,
2017-07-16,0,
2017-07-17,506,
2017-07-18,382,
2017-07-19,333,
2017-07-20,392,
2017-07-21,265,
2017-07-22,44,
2017-07-23,0,
2017-07-24,507,
2017-07-25,499,
2017-07-26,359,
2017-07-27,360,
2017-07-28,407,
2017-07-29,43,
2017-07-30,-1,
2017-07-31,532,
2017-08-01,438,
2017-08-02,341,
2017-08-03,332,
2017-08-04,314,
2017-08-05,30,
2017-08-06,-1,
2017-08-07,421,
2017-08-08,403,
2017-08-09,304,
2017-08-10,375,
2017-08-11,301,
2017-08-12,41,
2017-08-13,-1,
2017-08-14,461,
2017-08-15,415,
2017-08-16,326,
2017-08-17,398,
2017-08-18,313,
2017-08-19,53,
2017-08-20,-1,
2017-08-21,564,
2017-08-22,444,
2017-08-23,367,
2017-08-24,432,
2017-08-25,382,
2017-08-26,32,
2017-08-27,-1,
2017-08-28,665,
2017-08-29,503,
2017-08-30,509,
2017-08-31,480,
2017-09-01,425,
2017-09-02,52,
2017-09-03,-1,
2017-09-04,535,
2017-09-05,430,
2017-09-06,345,
2017-09-07,355,
2017-09-08,341,
2017-09-09,40,
2017-09-10,-1,
2017-09-11,477,
2017-09-12,400,
2017-09-13,356,
2017-09-14,335,
2017-09-15,323,
2017-09-16,50,
2017-09-17,-1,
2017-09-18,471,
2017-09-19,404,
2017-09-20,385,
2017-09-21,356,
2017-09-22,308,
2017-09-23,18,
2017-09-24,-1,
2017-09-25,474,
2017-09-26,451,
2017-09-27,369,
2017-09-28,454,
2017-09-29,378,
2017-09-30,44,
2017-10-01,-1,
2017-10-02,477,
2017-10-03,456,
2017-10-04,389,
2017-10-05,349,
2017-10-06,302,
2017-10-07,49,
2017-10-08,-1,
2017-10-09,409,
2017-10-10,410,
2017-10-11,370,
2017-10-12,364,
2017-10-13,329,
2017-10-14,49,
2017-10-15,-1,
2017-10-16,522,
2017-10-17,580,
2017-10-18,403,
2017-10-19,366,
2017-10-20,401,
2017-10-21,40,
2017-10-22,-1,
2017-10-23,515,
2017-10-24,454,
2017-10-25,433,
2017-10-26,390,
2017-10-27,478,
2017-10-28,41,
2017-10-29,-1,
2017-10-30,578,
2017-10-31,428,
2017-11-01,352,
2017-11-02,324,
2017-11-03,270,
2017-11-04,31,
2017-11-05,0,
2017-11-06,334,
2017-11-07,285,
2017-11-08,269,
2017-11-09,268,
2017-11-10,265,
2017-11-11,46,
2017-11-12,0,
2017-11-13,466,
2017-11-14,433,
2017-11-15,345,
2017-11-16,359,
2017-11-17,335,
2017-11-18,47,
2017-11-19,0,
2017-11-20,553,
2017-11-21,432,
2017-11-22,340,
2017-11-23,352,
2017-11-24,298,
2017-11-25,35,
2017-11-26,0,
2017-11-27,525,
2017-11-28,500,
2017-11-29,418,
2017-11-30,402,
2017-12-01,387,
2017-12-02,40,
2017-12-03,0,
2017-12-04,489,
2017-12-05,375,
2017-12-06,403,
2017-12-07,354,
2017-12-08,369,
2017-12-09,32,
2017-12-10,0,
2017-12-11,525,
2017-12-12,446,
2017-12-13,434,
2017-12-14,361,
2017-12-15,360,
2017-12-16,54,
2017-12-17,0,
2017-12-18,505,
2017-12-19,407,
2017-12-20,380,
2017-12-21,346,
2017-12-22,341,
2017-12-23,46,
2017-12-24,0,
2017-12-25,-1,
2017-12-26,-1,
2017-12-27,486,
2017-12-28,502,
2017-12-29,413,
2017-12-30,57,
2017-12-31,0,
2018-01-01,-1,
2018-01-02,505,
2018-01-03,406,
2018-01-04,369,
2018-01-05,357,
2018-01-06,38,
2018-01-07,0,
2018-01-08,521,
2018-01-09,444,
2018-01-10,423,
2018-01-11,367,
2018-01-12,378,
2018-01-13,58,
2018-01-14,0,
2018-01-15,610,
2018-01-16,460,
2018-01-17,422,
2018-01-18,366,
2018-01-19,358,
2018-01-20,31,
2018-01-21,0,
2018-01-22,479,
2018-01-23,359,
2018-01-24,348,
2018-01-25,383,
2018-01-26,417,
2018-01-27,35,
2018-01-28,0,
2018-01-29,533,
2018-01-30,367,
2018-01-31,437,
2018-02-01,333,
2018-02-02,352,
2018-02-03,36,
2018-02-04,0,
2018-02-05,418,
2018-02-06,428,
2018-02-07,385,
2018-02-08,290,
2018-02-09,306,
2018-02-10,30,
2018-02-11,0,
2018-02-12,369,
2018-02-13,349,
2018-02-14,390,
2018-02-15,345,
2018-02-16,332,
2018-02-17,50,
2018-02-18,0,
2018-02-19,432,
2018-02-20,424,
2018-02-21,327,
2018-02-22,329,
2018-02-23,340,
2018-02-24,48,
2018-02-25,0,
2018-02-26,446,
2018-02-27,420,
2018-02-28,418,
2018-03-01,367,
2018-03-02,315,
2018-03-03,44,
2018-03-04,0,
2018-03-05,383,
2018-03-06,305,
2018-03-07,341,
2018-03-08,282,
2018-03-09,288,
2018-03-10,36,
2018-03-11,-1,
2018-03-12,354,
2018-03-13,356,
2018-03-14,327,
2018-03-15,351,
2018-03-16,360,
2018-03-17,60,
2018-03-18,0,
2018-03-19,429,
2018-03-20,352,
2018-03-21,323,
2018-03-22,321,
2018-03-23,383,
2018-03-24,4,
2018-03-25,-1,
2018-03-26,388,
2018-03-27,363,
2018-03-28,438,
2018-03-29,349,
2018-03-30,272,
2018-03-31,30,
2018-04-01,0,
2018-04-02,0,
2018-04-03,508,
2018-04-04,349,
2018-04-05,339,
2018-04-06,265,
2018-04-07,38,
2018-04-08,-1,
2018-04-09,406,
2018-04-10,351,
2018-04-11,415,
2018-04-12,295,
2018-04-13,332,
2018-04-14,55,
2018-04-15,0,
2018-04-16,439,
2018-04-17,355,
2018-04-18,303,
2018-04-19,350,
2018-04-20,261,
2018-04-21,34,
2018-04-22,-1,
2018-04-23,402,
2018-04-24,332,
2018-04-25,290,
2018-04-26,376,
2018-04-27,-1,
2018-04-28,64,
2018-04-29,0,
2018-04-30,651,
2018-05-01,401,
2018-05-02,370,
2018-05-03,325,
2018-05-04,283,
2018-05-05,30,
2018-05-06,-1,
2018-05-07,364,
2018-05-08,402,
2018-05-09,445,
2018-05-10,-1,
2018-05-11,290,
2018-05-12,38,
2018-05-13,0,
2018-05-14,548,
2018-05-15,447,
2018-05-16,462,
2018-05-17,370,
2018-05-18,375,
2018-05-19,50,
2018-05-20,0,
2018-05-21,-1,
2018-05-22,464,
2018-05-23,541,
2018-05-24,444,
2018-05-25,341,
2018-05-26,44,
2018-05-27,0,
2018-05-28,546,
2018-05-29,376,
2018-05-30,367,
2018-05-31,411,
2018-06-01,394,
2018-06-02,56,
2018-06-03,-1,
2018-06-04,424,
2018-06-05,323,
2018-06-06,262,
2018-06-07,272,
2018-06-08,297,
2018-06-09,42,
2018-06-10,-1,
2018-06-11,354,
2018-06-12,339,
2018-06-13,312,
2018-06-14,298,
2018-06-15,315,
2018-06-16,42,
2018-06-17,-1,
2018-06-18,418,
2018-06-19,371,
2018-06-20,337,
2018-06-21,340,
2018-06-22,373,
2018-06-23,32,
2018-06-24,0,
2018-06-25,430,
2018-06-26,339,
2018-06-27,345,
2018-06-28,388,
2018-06-29,357,
2018-06-30,50,
2018-07-01,0,
2018-07-02,518,
2018-07-03,352,
2018-07-04,304,
2018-07-05,407,
2018-07-06,338,
2018-07-07,33,
2018-07-08,0,
2018-07-09,401,
2018-07-10,389,
2018-07-11,358,
2018-07-12,336,
2018-07-13,275,
2018-07-14,62,
2018-07-15,0,
2018-07-16,462,
2018-07-17,542,
2018-07-18,476,
2018-07-19,353,
2018-07-20,351,
2018-07-21,55,
2018-07-22,-1,
2018-07-23,464,
2018-07-24,356,
2018-07-25,338,
2018-07-26,288,
2018-07-27,315,
2018-07-28,52,
2018-07-29,-1,
2018-07-30,520,
2018-07-31,365,
2018-08-01,381,
2018-08-02,335,
2018-08-03,301,
2018-08-04,35,
2018-08-05,-1,
2018-08-06,370,
2018-08-07,276,
2018-08-08,310,
2018-08-09,327,
2018-08-10,292,
2018-08-11,45,
2018-08-12,-1,
2018-08-13,383,
2018-08-14,371,
2018-08-15,352,
2018-08-16,335,
2018-08-17,318,
2018-08-18,48,
2018-08-19,-1,
2018-08-20,448,
2018-08-21,458,
2018-08-22,419,
2018-08-23,376,
2018-08-24,313,
2018-08-25,44,
2018-08-26,0,
2018-08-27,452,
2018-08-28,422,
2018-08-29,391,
2018-08-30,319,
2018-08-31,365,
2018-09-01,32,
2018-09-02,0,
2018-09-03,376,
2018-09-04,329,
2018-09-05,287,
2018-09-06,276,
2018-09-07,287,
2018-09-08,43,
2018-09-09,-1,
2018-09-10,342,
2018-09-11,308,
2018-09-12,291,
2018-09-13,276,
2018-09-14,293,
2018-09-15,54,
2018-09-16,0,
2018-09-17,393,
2018-09-18,325,
2018-09-19,318,
2018-09-20,304,
2018-09-21,344,
2018-09-22,31,
2018-09-23,0,
2018-09-24,378,
2018-09-25,355,
2018-09-26,328,
2018-09-27,269,
2018-09-28,401,
2018-09-29,45,
2018-09-30,0,
2018-10-01,464,
2018-10-02,368,
2018-10-03,261,
2018-10-04,335,
2018-10-05,291,
2018-10-06,30,
2018-10-07,0,
2018-10-08,337,
2018-10-09,315,
2018-10-10,279,
2018-10-11,303,
2018-10-12,277,
2018-10-13,1,
2018-10-14,0,
2018-10-15,362,
2018-10-16,253,
2018-10-17,318,
2018-10-18,268,
2018-10-19,265,
2018-10-20,1,
2018-10-21,-1,
2018-10-22,357,
2018-10-23,293,
2018-10-24,305,
2018-10-25,333,
2018-10-26,387,
2018-10-27,1,
2018-10-28,0,
