0,0,0,1,0,1,1,0,0,1,1,0,690361504959627
1,1,00000000000004,0,1,1,00000000000004,1,1,1,44851645524251,1,1,1,0,690361504959627
2,0,0,1,0,1,1,0,0,1,1,0,690361504959627
3,0,0,1,0,1,1,0,0,1,1,0,690361504959627
4,0,0,1,0,1,1,0,0,1,1,0,690361504959627
5,0,0,1,0,1,1,0,0,1,1,0,690361504959627
6,0,0,1,0,1,1,0,0,1,1,0,690361504959627
7,0,0,1,0,1,1,0,0,1,1,0,690361504959627
8,8,00000000000003,0,1,1,76498794754006,1,1,6,56555851165496,1,1,1,0,690361504959627
9,0,0,1,0,1,1,0,0,1,1,0,690361504959627
10,0,0,1,0,1,1,0,0,1,1,0,690361504959627
11,0,0,1,0,1,1,0,0,1,1,0,690361504959627
12,0,0,1,0,1,1,0,0,1,1,0,690361504959627
13,0,0,1,0,1,1,0,0,1,1,0,690361504959627
14,0,0,1,0,1,1,0,0,1,1,0,690361504959627
15,7,93525148442145,0,1,1,7507029038379,1,1,6,56555851165496,1,1,1,0,690361504959627
16,0,0,1,0,1,1,0,0,1,1,0,690361504959627
17,0,0,1,0,1,1,0,0,1,1,0,690361504959627
18,0,0,1,0,1,1,0,0,1,1,0,690361504959627
19,0,0,1,0,1,1,0,0,1,1,0,690361504959627
20,0,0,1,0,1,1,0,0,1,1,0,690361504959627
21,0,0,1,0,1,1,0,0,1,1,0,690361504959627
22,9,67140400676853,0,1,1,7737433155345,1,1,7,89809197667419,1,1,1,0,690361504959627
23,0,0,1,0,1,1,0,0,1,1,0,690361504959627
24,0,0,1,0,1,1,0,0,1,1,0,690361504959627
25,0,0,1,0,1,1,0,0,1,1,0,690361504959627
26,0,0,1,0,1,1,0,0,1,1,0,690361504959627
27,0,0,1,0,1,1,0,0,1,1,0,690361504959627
28,0,0,1,0,1,1,0,0,1,1,0,690361504959627
29,9,59463094359324,0,1,1,75966307366631,1,1,7,89809197667419,1,1,1,0,690361504959627
30,0,0,1,0,1,1,0,0,1,1,0,690361504959627
31,0,0,1,0,1,1,0,0,1,1,0,690361504959627
32,0,0,1,0,1,1,0,0,1,1,0,690361504959627
33,0,0,1,0,1,1,0,0,1,1,0,690361504959627
34,0,0,1,0,1,1,0,0,1,1,0,690361504959627
35,0,0,1,0,1,1,0,0,1,1,0,690361504959627
36,7,47570475487458,0,1,1,7014832226828,1,1,6,36425984553431,1,1,1,0,690361504959627
37,0,0,1,0,1,1,0,0,1,1,0,690361504959627
38,0,0,1,0,1,1,0,0,1,1,0,690361504959627
39,0,0,1,0,1,1,0,0,1,1,0,690361504959627
40,0,0,1,0,1,1,0,0,1,1,0,690361504959627
41,0,0,1,0,1,1,0,0,1,1,0,690361504959627
42,0,0,1,0,1,1,0,0,1,1,0,690361504959627
43,1,11892618871863,0,1,1,01134942300608,1,1,1,60259447396844,1,1,1,0,690361504959627
44,0,0,1,0,1,1,0,0,1,1,0,690361504959627
45,0,0,1,0,1,1,0,0,1,1,0,690361504959627
46,0,0,1,0,1,1,0,0,1,1,0,690361504959627
47,0,0,1,0,1,1,0,0,1,1,0,690361504959627
48,0,0,1,0,1,1,0,0,1,1,0,690361504959627
49,0,0,1,0,1,1,0,0,1,1,0,690361504959627
50,9,61387212497707,0,1,1,72228247342408,1,1,8,0856956895929,1,1,1,0,690361504959627
51,0,0,1,0,1,1,0,0,1,1,0,690361504959627
52,0,0,1,0,1,1,0,0,1,1,0,690361504959627
53,0,0,1,0,1,1,0,0,1,1,0,690361504959627
54,0,0,1,0,1,1,0,0,1,1,0,690361504959627
55,0,0,1,0,1,1,0,0,1,1,0,690361504959627
56,0,0,1,0,1,1,0,0,1,1,0,690361504959627
57,9,53751296224005,0,1,1,70860306870997,1,1,8,0856956895929,1,1,1,0,690361504959627
58,0,0,1,0,1,1,0,0,1,1,0,690361504959627
59,0,0,1,0,1,1,0,0,1,1,0,690361504959627
60,0,0,1,0,1,1,0,0,1,1,0,690361504959627
61,0,0,1,0,1,1,0,0,1,1,0,690361504959627
62,0,0,1,0,1,1,0,0,1,1,0,690361504959627
63,0,0,1,0,1,1,0,0,1,1,0,690361504959627
64,9,46170314866281,0,1,1,69502207745688,1,1,8,0856956895929,1,1,1,0,690361504959627
65,0,0,1,0,1,1,0,0,1,1,0,690361504959627
66,0,0,1,0,1,1,0,0,1,1,0,690361504959627
67,0,0,1,0,1,1,0,0,1,1,0,690361504959627
68,0,0,1,0,1,1,0,0,1,1,0,690361504959627
69,0,0,1,0,1,1,0,0,1,1,0,690361504959627
70,0,0,1,0,1,1,0,0,1,1,0,690361504959627
71,9,38643873207396,0,1,1,68153879165087,1,1,8,0856956895929,1,1,1,0,690361504959627
72,0,0,1,0,1,1,0,0,1,1,0,690361504959627
73,0,0,1,0,1,1,0,0,1,1,0,690361504959627
74,0,0,1,0,1,1,0,0,1,1,0,690361504959627
75,0,0,1,0,1,1,0,0,1,1,0,690361504959627
76,0,0,1,0,1,1,0,0,1,1,0,690361504959627
77,0,0,1,0,1,1,0,0,1,1,0,690361504959627
78,9,31171578873511,0,1,1,66815250837165,1,1,8,0856956895929,1,1,1,0,690361504959627
79,0,0,1,0,1,1,0,0,1,1,0,690361504959627
80,0,0,1,0,1,1,0,0,1,1,0,690361504959627
81,0,0,1,0,1,1,0,0,1,1,0,690361504959627
82,0,0,1,0,1,1,0,0,1,1,0,690361504959627
83,0,0,1,0,1,1,0,0,1,1,0,690361504959627
84,0,0,1,0,1,1,0,0,1,1,0,690361504959627
85,9,23753042313635,0,1,1,65486252975592,1,1,8,0856956895929,1,1,1,0,690361504959627
86,0,0,1,0,1,1,0,0,1,1,0,690361504959627
87,0,0,1,0,1,1,0,0,1,1,0,690361504959627
88,0,0,1,0,1,1,0,0,1,1,0,690361504959627
89,0,0,1,0,1,1,0,0,1,1,0,690361504959627
90,0,0,1,0,1,1,0,0,1,1,0,690361504959627
91,0,0,1,0,1,1,0,0,1,1,0,690361504959627
92,9,16387876779317,0,1,1,64166816296102,1,1,8,0856956895929,1,1,1,0,690361504959627
93,0,0,1,0,1,1,0,0,1,1,0,690361504959627
94,0,0,1,0,1,1,0,0,1,1,0,690361504959627
95,0,0,1,0,1,1,0,0,1,1,0,690361504959627
96,0,0,1,0,1,1,0,0,1,1,0,690361504959627
97,0,0,1,0,1,1,0,0,1,1,0,690361504959627
98,0,0,1,0,1,1,0,0,1,1,0,690361504959627
99,9,09075698304481,0,1,1,62856872012878,1,1,8,0856956895929,1,1,1,0,690361504959627
100,0,0,1,0,1,1,0,0,1,1,0,690361504959627
101,0,0,1,0,1,1,0,0,1,1,0,690361504959627
102,0,0,1,0,1,1,0,0,1,1,0,690361504959627
103,0,0,1,0,1,1,0,0,1,1,0,690361504959627
104,0,0,1,0,1,1,0,0,1,1,0,690361504959627
105,0,0,1,0,1,1,0,0,1,1,0,690361504959627
106,9,0181612568541,0,1,1,61556351834969,1,1,8,0856956895929,1,1,1,0,690361504959627
107,0,0,1,0,1,1,0,0,1,1,0,690361504959627
108,0,0,1,0,1,1,0,0,1,1,0,690361504959627
109,0,0,1,0,1,1,0,0,1,1,0,690361504959627
110,0,0,1,0,1,1,0,0,1,1,0,690361504959627
111,0,0,1,0,1,1,0,0,1,1,0,690361504959627
112,0,0,1,0,1,1,0,0,1,1,0,690361504959627
113,8,94608780460875,0,1,1,60265187962726,1,1,8,0856956895929,1,1,1,0,690361504959627
114,0,0,1,0,1,1,0,0,1,1,0,690361504959627
115,0,0,1,0,1,1,0,0,1,1,0,690361504959627
116,0,0,1,0,1,1,0,0,1,1,0,690361504959627
117,0,0,1,0,1,1,0,0,1,1,0,690361504959627
118,0,0,1,0,1,1,0,0,1,1,0,690361504959627
119,0,0,1,0,1,1,0,0,1,1,0,690361504959627
120,8,87453286892401,0,1,1,58983313084271,1,1,8,0856956895929,1,1,1,0,690361504959627
121,0,0,1,0,1,1,0,0,1,1,0,690361504959627
122,0,0,1,0,1,1,0,0,1,1,0,690361504959627
123,0,0,1,0,1,1,0,0,1,1,0,690361504959627
124,0,0,1,0,1,1,0,0,1,1,0,690361504959627
125,0,0,1,0,1,1,0,0,1,1,0,690361504959627
126,0,0,1,0,1,1,0,0,1,1,0,690361504959627
127,8,80349271944682,0,1,1,57710660371988,1,1,8,0856956895929,1,1,1,0,690361504959627
128,0,0,1,0,1,1,0,0,1,1,0,690361504959627
129,0,0,1,0,1,1,0,0,1,1,0,690361504959627
130,0,0,1,0,1,1,0,0,1,1,0,690361504959627
131,0,0,1,0,1,1,0,0,1,1,0,690361504959627
132,0,0,1,0,1,1,0,0,1,1,0,690361504959627
133,0,0,1,0,1,1,0,0,1,1,0,690361504959627
134,8,73296365266131,0,1,1,56447163479034,1,1,8,0856956895929,1,1,1,0,690361504959627
135,0,0,1,0,1,1,0,0,1,1,0,690361504959627
136,0,0,1,0,1,1,0,0,1,1,0,690361504959627
137,0,0,1,0,1,1,0,0,1,1,0,690361504959627
138,0,0,1,0,1,1,0,0,1,1,0,690361504959627
139,0,0,1,0,1,1,0,0,1,1,0,690361504959627
140,0,0,1,0,1,1,0,0,1,1,0,690361504959627
141,8,66294199169574,0,1,1,55192756535886,1,1,8,0856956895929,1,1,1,0,690361504959627
142,0,0,1,0,1,1,0,0,1,1,0,690361504959627
143,0,0,1,0,1,1,0,0,1,1,0,690361504959627
144,0,0,1,0,1,1,0,0,1,1,0,690361504959627
145,0,0,1,0,1,1,0,0,1,1,0,690361504959627
146,0,0,1,0,1,1,0,0,1,1,0,690361504959627
147,0,0,1,0,1,1,0,0,1,1,0,690361504959627
148,8,59342408613082,0,1,1,53947374146905,1,1,8,0856956895929,1,1,1,0,690361504959627
149,0,0,1,0,1,1,0,0,1,1,0,690361504959627
150,0,0,1,0,1,1,0,0,1,1,0,690361504959627
151,0,0,1,0,1,1,0,0,1,1,0,690361504959627
152,0,0,1,0,1,1,0,0,1,1,0,690361504959627
153,0,0,1,0,1,1,0,0,1,1,0,690361504959627
154,0,0,1,0,1,1,0,0,1,1,0,690361504959627
155,8,5244063118094,0,1,1,52710951386926,1,1,8,0856956895929,1,1,1,0,690361504959627
156,0,0,1,0,1,1,0,0,1,1,0,690361504959627
157,0,0,1,0,1,1,0,0,1,1,0,690361504959627
158,0,0,1,0,1,1,0,0,1,1,0,690361504959627
159,0,0,1,0,1,1,0,0,1,1,0,690361504959627
160,0,0,1,0,1,1,0,0,1,1,0,690361504959627
161,0,0,1,0,1,1,0,0,1,1,0,690361504959627
162,8,45588507064752,0,1,1,51483423797873,1,1,8,0856956895929,1,1,1,0,690361504959627
163,0,0,1,0,1,1,0,0,1,1,0,690361504959627
164,0,0,1,0,1,1,0,0,1,1,0,690361504959627
165,0,0,1,0,1,1,0,0,1,1,0,690361504959627
166,0,0,1,0,1,1,0,0,1,1,0,690361504959627
167,0,0,1,0,1,1,0,0,1,1,0,690361504959627
168,0,0,1,0,1,1,0,0,1,1,0,690361504959627
169,8,38785679044684,0,1,1,502647273854,1,1,8,0856956895929,1,1,1,0,690361504959627
170,0,0,1,0,1,1,0,0,1,1,0,690361504959627
171,0,0,1,0,1,1,0,0,1,1,0,690361504959627
172,0,0,1,0,1,1,0,0,1,1,0,690361504959627
173,0,0,1,0,1,1,0,0,1,1,0,690361504959627
174,0,0,1,0,1,1,0,0,1,1,0,690361504959627
175,0,0,1,0,1,1,0,0,1,1,0,690361504959627
176,8,32031792470843,0,1,1,49054798615555,1,1,8,0856956895929,1,1,1,0,690361504959627
177,0,0,1,0,1,1,0,0,1,1,0,690361504959627
178,0,0,1,0,1,1,0,0,1,1,0,690361504959627
179,0,0,1,0,1,1,0,0,1,1,0,690361504959627
180,0,0,1,0,1,1,0,0,1,1,0,690361504959627
181,0,0,1,0,1,1,0,0,1,1,0,690361504959627
182,0,0,1,0,1,1,0,0,1,1,0,690361504959627
183,8,25326495244784,0,1,1,47853574411466,1,1,8,0856956895929,1,1,1,0,690361504959627
184,0,0,1,0,1,1,0,0,1,1,0,690361504959627
185,0,0,1,0,1,1,0,0,1,1,0,690361504959627
186,0,0,1,0,1,1,0,0,1,1,0,690361504959627
187,0,0,1,0,1,1,0,0,1,1,0,690361504959627
188,0,0,1,0,1,1,0,0,1,1,0,690361504959627
189,0,0,1,0,1,1,0,0,1,1,0,690361504959627
190,8,18669437801159,0,1,1,46660992150054,1,1,8,0856956895929,1,1,1,0,690361504959627
191,0,0,1,0,1,1,0,0,1,1,0,690361504959627
192,0,0,1,0,1,1,0,0,1,1,0,690361504959627
193,0,0,1,0,1,1,0,0,1,1,0,690361504959627
194,0,0,1,0,1,1,0,0,1,1,0,690361504959627
195,0,0,1,0,1,1,0,0,1,1,0,690361504959627
196,0,0,1,0,1,1,0,0,1,1,0,690361504959627
197,8,12060273089488,0,1,1,45476989658767,1,1,8,0856956895929,1,1,1,0,690361504959627
198,0,0,1,0,1,1,0,0,1,1,0,690361504959627
199,0,0,1,0,1,1,0,0,1,1,0,690361504959627
200,0,0,1,0,1,1,0,0,1,1,0,690361504959627
201,0,0,1,0,1,1,0,0,1,1,0,690361504959627
202,0,0,1,0,1,1,0,0,1,1,0,690361504959627
203,0,0,1,0,1,1,0,0,1,1,0,690361504959627
204,8,05498656556072,0,1,1,44301505212342,1,1,8,0856956895929,1,1,1,0,690361504959627
205,0,0,1,0,1,1,0,0,1,1,0,690361504959627
206,0,0,1,0,1,1,0,0,1,1,0,690361504959627
207,0,0,1,0,1,1,0,0,1,1,0,690361504959627
208,0,0,1,0,1,1,0,0,1,1,0,690361504959627
209,0,0,1,0,1,1,0,0,1,1,0,690361504959627
210,0,0,1,0,1,1,0,0,1,1,0,690361504959627
211,7,98984246126027,0,1,1,43134477529583,1,1,8,0856956895929,1,1,1,0,690361504959627
212,0,0,1,0,1,1,0,0,1,1,0,690361504959627
213,0,0,1,0,1,1,0,0,1,1,0,690361504959627
214,0,0,1,0,1,1,0,0,1,1,0,690361504959627
215,0,0,1,0,1,1,0,0,1,1,0,690361504959627
216,0,0,1,0,1,1,0,0,1,1,0,690361504959627
217,0,0,1,0,1,1,0,0,1,1,0,690361504959627
218,7,9251670218545,0,1,1,41975845770167,1,1,8,0856956895929,1,1,1,0,690361504959627
219,0,0,1,0,1,1,0,0,1,1,0,690361504959627
220,0,0,1,0,1,1,0,0,1,1,0,690361504959627
221,0,0,1,0,1,1,0,0,1,1,0,690361504959627
222,0,0,1,0,1,1,0,0,1,1,0,690361504959627
223,0,0,1,0,1,1,0,0,1,1,0,690361504959627
224,0,0,1,0,1,1,0,0,1,1,0,690361504959627
225,7,86095687563717,0,1,1,40825549531477,1,1,8,0856956895929,1,1,1,0,690361504959627
226,0,0,1,0,1,1,0,0,1,1,0,690361504959627
227,0,0,1,0,1,1,0,0,1,1,0,690361504959627
228,0,0,1,0,1,1,0,0,1,1,0,690361504959627
229,0,0,1,0,1,1,0,0,1,1,0,690361504959627
230,0,0,1,0,1,1,0,0,1,1,0,690361504959627
231,0,0,1,0,1,1,0,0,1,1,0,690361504959627
232,7,79720867515903,0,1,1,39683528845446,1,1,8,0856956895929,1,1,1,0,690361504959627
233,0,0,1,0,1,1,0,0,1,1,0,690361504959627
234,0,0,1,0,1,1,0,0,1,1,0,690361504959627
235,0,0,1,0,1,1,0,0,1,1,0,690361504959627
236,0,0,1,0,1,1,0,0,1,1,0,690361504959627
237,0,0,1,0,1,1,0,0,1,1,0,690361504959627
238,0,0,1,0,1,1,0,0,1,1,0,690361504959627
239,7,7339190970533,0,1,1,38549724175435,1,1,8,0856956895929,1,1,1,0,690361504959627
240,0,0,1,0,1,1,0,0,1,1,0,690361504959627
241,0,0,1,0,1,1,0,0,1,1,0,690361504959627
242,0,0,1,0,1,1,0,0,1,1,0,690361504959627
243,0,0,1,0,1,1,0,0,1,1,0,690361504959627
244,0,0,1,0,1,1,0,0,1,1,0,690361504959627
245,0,0,1,0,1,1,0,0,1,1,0,690361504959627
246,3,36695954852663,0,1,1,19767285389245,1,1,4,07214398683754,1,1,1,0,690361504959627
247,0,0,1,0,1,1,0,0,1,1,0,690361504959627
248,0,0,1,0,1,1,0,0,1,1,0,690361504959627
249,0,0,1,0,1,1,0,0,1,1,0,690361504959627
250,0,0,1,0,1,1,0,0,1,1,0,690361504959627
251,0,0,1,0,1,1,0,0,1,1,0,690361504959627
252,0,0,1,0,1,1,0,0,1,1,0,690361504959627
253,9,18957227989543,0,1,1,3908589547852,1,1,9,570522315201,1,1,1,0,690361504959627
254,0,0,1,0,1,1,0,0,1,1,0,690361504959627
255,0,0,1,0,1,1,0,0,1,1,0,690361504959627
256,0,0,1,0,1,1,0,0,1,1,0,690361504959627
257,0,0,1,0,1,1,0,0,1,1,0,690361504959627
258,0,0,1,0,1,1,0,0,1,1,0,690361504959627
259,0,0,1,0,1,1,0,0,1,1,0,690361504959627
260,1,91130636568441,0,1,1,00519521930394,1,1,2,7542497900266,1,1,1,0,690361504959627
261,0,0,1,0,1,1,0,0,1,1,0,690361504959627
262,0,0,1,0,1,1,0,0,1,1,0,690361504959627
263,0,0,1,0,1,1,0,0,1,1,0,690361504959627
264,0,0,1,0,1,1,0,0,1,1,0,690361504959627
265,0,0,1,0,1,1,0,0,1,1,0,690361504959627
266,0,0,1,0,1,1,0,0,1,1,0,690361504959627
267,1,9113063656844,0,1,0,997963563935424,1,1,2,77420821937217,1,1,1,0,690361504959627
268,0,0,1,0,1,1,0,0,1,1,0,690361504959627
269,0,0,1,0,1,1,0,0,1,1,0,690361504959627
270,0,0,1,0,1,1,0,0,1,1,0,690361504959627
271,0,0,1,0,1,1,0,0,1,1,0,690361504959627
272,0,0,1,0,1,1,0,0,1,1,0,690361504959627
273,0,0,1,0,1,1,0,0,1,1,0,690361504959627
274,10,6452254627377,0,1,1,37956930447432,1,1,11,1772451028966,1,1,1,0,690361504959627
275,0,0,1,0,1,1,0,0,1,1,0,690361504959627
276,0,0,1,0,1,1,0,0,1,1,0,690361504959627
277,0,0,1,0,1,1,0,0,1,1,0,690361504959627
278,0,0,1,0,1,1,0,0,1,1,0,690361504959627
279,0,0,1,0,1,1,0,0,1,1,0,690361504959627
280,0,0,1,0,1,1,0,0,1,1,0,690361504959627
281,9,18957227989544,0,1,1,35126390021334,1,1,9,85096002488286,1,1,1,0,690361504959627
282,0,0,1,0,1,1,0,0,1,1,0,690361504959627
283,0,0,1,0,1,1,0,0,1,1,0,690361504959627
284,0,0,1,0,1,1,0,0,1,1,0,690361504959627
285,0,0,1,0,1,1,0,0,1,1,0,690361504959627
286,0,0,1,0,1,1,0,0,1,1,0,690361504959627
287,0,0,1,0,1,1,0,0,1,1,0,690361504959627
288,1,91130636568443,0,1,0,976579262648682,1,1,2,83495546914927,1,1,1,0,690361504959627
289,0,0,1,0,1,1,0,0,1,1,0,690361504959627
290,0,0,1,0,1,1,0,0,1,1,0,690361504959627
291,0,0,1,0,1,1,0,0,1,1,0,690361504959627
292,0,0,1,0,1,1,0,0,1,1,0,690361504959627
293,0,0,1,0,1,1,0,0,1,1,0,690361504959627
294,0,0,1,0,1,1,0,0,1,1,0,690361504959627
295,1,91130636568442,0,1,0,969553478470755,1,1,2,85549872511456,1,1,1,0,690361504959627
296,0,0,1,0,1,1,0,0,1,1,0,690361504959627
297,0,0,1,0,1,1,0,0,1,1,0,690361504959627
298,0,0,1,0,1,1,0,0,1,1,0,690361504959627
299,0,0,1,0,1,1,0,0,1,1,0,690361504959627
300,0,0,1,0,1,1,0,0,1,1,0,690361504959627
301,0,0,1,0,1,1,0,0,1,1,0,690361504959627
302,13,5565318284222,0,1,1,36547680463745,1,1,14,3809542299051,1,1,1,0,690361504959627
303,0,0,1,0,1,1,0,0,1,1,0,690361504959627
304,0,0,1,0,1,1,0,0,1,1,0,690361504959627
305,0,0,1,0,1,1,0,0,1,1,0,690361504959627
306,0,0,1,0,1,1,0,0,1,1,0,690361504959627
307,0,0,1,0,1,1,0,0,1,1,0,690361504959627
308,0,0,1,0,1,1,0,0,1,1,0,690361504959627
309,0,455653182842201,0,1,0,455653182842201,1,1,1,44851645524251,1,1,1,0,690361504959627
310,0,0,1,0,1,1,0,0,1,1,0,690361504959627
311,0,0,1,0,1,1,0,0,1,1,0,690361504959627
312,0,0,1,0,1,1,0,0,1,1,0,690361504959627
313,0,0,1,0,1,1,0,0,1,1,0,690361504959627
314,0,0,1,0,1,1,0,0,1,1,0,690361504959627
315,0,0,1,0,1,1,0,0,1,1,0,690361504959627
316,0,455653182842201,0,1,0,452375086485791,1,1,1,45901300259001,1,1,1,0,690361504959627
317,0,0,1,0,1,1,0,0,1,1,0,690361504959627
318,0,0,1,0,1,1,0,0,1,1,0,690361504959627
319,0,0,1,0,1,1,0,0,1,1,0,690361504959627
320,0,0,1,0,1,1,0,0,1,1,0,690361504959627
321,0,0,1,0,1,1,0,0,1,1,0,690361504959627
322,0,0,1,0,1,1,0,0,1,1,0,690361504959627
323,0,455653182842201,0,1,0,449120573670826,1,1,1,46958561224652,1,1,1,0,690361504959627
324,0,0,1,0,1,1,0,0,1,1,0,690361504959627
325,0,0,1,0,1,1,0,0,1,1,0,690361504959627
326,0,0,1,0,1,1,0,0,1,1,0,690361504959627
327,0,0,1,0,1,1,0,0,1,1,0,690361504959627
328,0,0,1,0,1,1,0,0,1,1,0,690361504959627
329,0,0,1,0,1,1,0,0,1,1,0,690361504959627
330,0,455653182842201,0,1,0,445889474730716,1,1,1,48023483539089,1,1,1,0,690361504959627
331,0,0,1,0,1,1,0,0,1,1,0,690361504959627
332,0,0,1,0,1,1,0,0,1,1,0,690361504959627
333,0,0,1,0,1,1,0,0,1,1,0,690361504959627
334,0,0,1,0,1,1,0,0,1,1,0,690361504959627
335,0,0,1,0,1,1,0,0,1,1,0,690361504959627
336,0,0,1,0,1,1,0,0,1,1,0,690361504959627
337,6,27826591421109,0,1,1,21990717414239,1,1,7,45480613598015,1,1,1,0,690361504959627
338,0,0,1,0,1,1,0,0,1,1,0,690361504959627
339,0,0,1,0,1,1,0,0,1,1,0,690361504959627
340,0,0,1,0,1,1,0,0,1,1,0,690361504959627
341,0,0,1,0,1,1,0,0,1,1,0,690361504959627
342,0,0,1,0,1,1,0,0,1,1,0,690361504959627
343,0,0,1,0,1,1,0,0,1,1,0,690361504959627
344,10,6452254627378,0,1,1,2834715061182,1,1,12,0141227748628,1,1,1,0,690361504959627
345,0,0,1,0,1,1,0,0,1,1,0,690361504959627
346,0,0,1,0,1,1,0,0,1,1,0,690361504959627
347,0,0,1,0,1,1,0,0,1,1,0,690361504959627
348,0,0,1,0,1,1,0,0,1,1,0,690361504959627
349,0,0,1,0,1,1,0,0,1,1,0,690361504959627
350,0,0,1,0,1,1,0,0,1,1,0,690361504959627
351,7,73391909705333,0,1,1,23433771666592,1,1,9,07588654574678,1,1,1,0,690361504959627
352,0,0,1,0,1,1,0,0,1,1,0,690361504959627
353,0,0,1,0,1,1,0,0,1,1,0,690361504959627
354,0,0,1,0,1,1,0,0,1,1,0,690361504959627
355,0,0,1,0,1,1,0,0,1,1,0,690361504959627
356,0,0,1,0,1,1,0,0,1,1,0,690361504959627
357,0,0,1,0,1,1,0,0,1,1,0,690361504959627
358,3,36695954852667,0,1,1,06700521028427,1,1,4,57082708047642,1,1,1,0,690361504959627
359,0,0,1,0,1,1,0,0,1,1,0,690361504959627
360,0,0,1,0,1,1,0,0,1,1,0,690361504959627
361,0,0,1,0,1,1,0,0,1,1,0,690361504959627
362,0,0,1,0,1,1,0,0,1,1,0,690361504959627
363,0,0,1,0,1,1,0,0,1,1,0,690361504959627
364,0,0,1,0,1,1,0,0,1,1,0,690361504959627
365,0,3739536474581,0,1,0,3739536474581,1,1,1,44851645524251,1,1,1,0,690361504959627
366,0,0,1,0,1,1,0,0,1,1,0,690361504959627
367,0,0,1,0,1,1,0,0,1,1,0,690361504959627
368,0,0,1,0,1,1,0,0,1,1,0,690361504959627
369,0,0,1,0,1,1,0,0,1,1,0,690361504959627
370,0,0,1,0,1,1,0,0,1,1,0,690361504959627
371,0,0,1,0,1,1,0,0,1,1,0,690361504959627
372,5,18279141356136,0,1,1,14344554744374,1,1,6,56555851165496,1,1,1,0,690361504959627
373,0,0,1,0,1,1,0,0,1,1,0,690361504959627
374,0,0,1,0,1,1,0,0,1,1,0,690361504959627
375,0,0,1,0,1,1,0,0,1,1,0,690361504959627
376,0,0,1,0,1,1,0,0,1,1,0,690361504959627
377,0,0,1,0,1,1,0,0,1,1,0,690361504959627
378,0,0,1,0,1,1,0,0,1,1,0,690361504959627
379,5,13831068398802,0,1,1,1336320534944,1,1,6,56555851165496,1,1,1,0,690361504959627
380,0,0,1,0,1,1,0,0,1,1,0,690361504959627
381,0,0,1,0,1,1,0,0,1,1,0,690361504959627
382,0,0,1,0,1,1,0,0,1,1,0,690361504959627
383,0,0,1,0,1,1,0,0,1,1,0,690361504959627
384,0,0,1,0,1,1,0,0,1,1,0,690361504959627
385,0,0,1,0,1,1,0,0,1,1,0,690361504959627
386,6,33100722929917,0,1,1,16111184536506,1,1,7,89809197667419,1,1,1,0,690361504959627
387,0,0,1,0,1,1,0,0,1,1,0,690361504959627
388,0,0,1,0,1,1,0,0,1,1,0,690361504959627
389,0,0,1,0,1,1,0,0,1,1,0,690361504959627
390,0,0,1,0,1,1,0,0,1,1,0,690361504959627
391,0,0,1,0,1,1,0,0,1,1,0,690361504959627
392,0,0,1,0,1,1,0,0,1,1,0,690361504959627
393,6,27826591421107,0,1,1,15143904552911,1,1,7,89809197667419,1,1,1,0,690361504959627
394,0,0,1,0,1,1,0,0,1,1,0,690361504959627
395,0,0,1,0,1,1,0,0,1,1,0,690361504959627
396,0,0,1,0,1,1,0,0,1,1,0,690361504959627
397,0,0,1,0,1,1,0,0,1,1,0,690361504959627
398,0,0,1,0,1,1,0,0,1,1,0,690361504959627
399,0,0,1,0,1,1,0,0,1,1,0,690361504959627
400,4,82261273136885,0,1,1,09763492820795,1,1,6,36425984553431,1,1,1,0,690361504959627
401,0,0,1,0,1,1,0,0,1,1,0,690361504959627
402,0,0,1,0,1,1,0,0,1,1,0,690361504959627
403,0,0,1,0,1,1,0,0,1,1,0,690361504959627
404,0,0,1,0,1,1,0,0,1,1,0,690361504959627
405,0,0,1,0,1,1,0,0,1,1,0,690361504959627
406,0,0,1,0,1,1,0,0,1,1,0,690361504959627
407,0,455653182842201,0,1,0,411845381942548,1,1,1,60259447396844,1,1,1,0,690361504959627
408,0,0,1,0,1,1,0,0,1,1,0,690361504959627
409,0,0,1,0,1,1,0,0,1,1,0,690361504959627
410,0,0,1,0,1,1,0,0,1,1,0,690361504959627
411,0,0,1,0,1,1,0,0,1,1,0,690361504959627
412,0,0,1,0,1,1,0,0,1,1,0,690361504959627
413,0,0,1,0,1,1,0,0,1,1,0,690361504959627
414,6,29148415988292,0,1,1,12709143199858,1,1,8,0856956895929,1,1,1,0,690361504959627
415,0,0,1,0,1,1,0,0,1,1,0,690361504959627
416,0,0,1,0,1,1,0,0,1,1,0,690361504959627
417,0,0,1,0,1,1,0,0,1,1,0,690361504959627
418,0,0,1,0,1,1,0,0,1,1,0,690361504959627
419,0,0,1,0,1,1,0,0,1,1,0,690361504959627
420,0,0,1,0,1,1,0,0,1,1,0,690361504959627
421,6,23902718480323,0,1,1,11769399799757,1,1,8,0856956895929,1,1,1,0,690361504959627
422,0,0,1,0,1,1,0,0,1,1,0,690361504959627
423,0,0,1,0,1,1,0,0,1,1,0,690361504959627
424,0,0,1,0,1,1,0,0,1,1,0,690361504959627
425,0,0,1,0,1,1,0,0,1,1,0,690361504959627
426,0,0,1,0,1,1,0,0,1,1,0,690361504959627
427,0,0,1,0,1,1,0,0,1,1,0,690361504959627
428,6,18694759986446,0,1,1,10836417176343,1,1,8,0856956895929,1,1,1,0,690361504959627
429,0,0,1,0,1,1,0,0,1,1,0,690361504959627
430,0,0,1,0,1,1,0,0,1,1,0,690361504959627
431,0,0,1,0,1,1,0,0,1,1,0,690361504959627
432,0,0,1,0,1,1,0,0,1,1,0,690361504959627
433,0,0,1,0,1,1,0,0,1,1,0,690361504959627
434,0,0,1,0,1,1,0,0,1,1,0,690361504959627
435,6,13524269001643,0,1,1,09910146690699,1,1,8,0856956895929,1,1,1,0,690361504959627
436,0,0,1,0,1,1,0,0,1,1,0,690361504959627
437,0,0,1,0,1,1,0,0,1,1,0,690361504959627
438,0,0,1,0,1,1,0,0,1,1,0,690361504959627
439,0,0,1,0,1,1,0,0,1,1,0,690361504959627
440,0,0,1,0,1,1,0,0,1,1,0,690361504959627
441,0,0,1,0,1,1,0,0,1,1,0,690361504959627
442,6,08390975974182,0,1,1,08990540053829,1,1,8,0856956895929,1,1,1,0,690361504959627
443,0,0,1,0,1,1,0,0,1,1,0,690361504959627
444,0,0,1,0,1,1,0,0,1,1,0,690361504959627
445,0,0,1,0,1,1,0,0,1,1,0,690361504959627
446,0,0,1,0,1,1,0,0,1,1,0,690361504959627
447,0,0,1,0,1,1,0,0,1,1,0,690361504959627
448,0,0,1,0,1,1,0,0,1,1,0,690361504959627
449,6,0329461329156,0,1,1,08077549324143,1,1,8,0856956895929,1,1,1,0,690361504959627
450,0,0,1,0,1,1,0,0,1,1,0,690361504959627
451,0,0,1,0,1,1,0,0,1,1,0,690361504959627
452,0,0,1,0,1,1,0,0,1,1,0,690361504959627
453,0,0,1,0,1,1,0,0,1,1,0,690361504959627
454,0,0,1,0,1,1,0,0,1,1,0,690361504959627
455,0,0,1,0,1,1,0,0,1,1,0,690361504959627
456,5,98234915266556,0,1,1,07171126904955,1,1,8,0856956895929,1,1,1,0,690361504959627
457,0,0,1,0,1,1,0,0,1,1,0,690361504959627
458,0,0,1,0,1,1,0,0,1,1,0,690361504959627
459,0,0,1,0,1,1,0,0,1,1,0,690361504959627
460,0,0,1,0,1,1,0,0,1,1,0,690361504959627
461,0,0,1,0,1,1,0,0,1,1,0,690361504959627
462,0,0,1,0,1,1,0,0,1,1,0,690361504959627
463,5,93211618123373,0,1,1,06271225542004,1,1,8,0856956895929,1,1,1,0,690361504959627
464,0,0,1,0,1,1,0,0,1,1,0,690361504959627
465,0,0,1,0,1,1,0,0,1,1,0,690361504959627
466,0,0,1,0,1,1,0,0,1,1,0,690361504959627
467,0,0,1,0,1,1,0,0,1,1,0,690361504959627
468,0,0,1,0,1,1,0,0,1,1,0,690361504959627
469,0,0,1,0,1,1,0,0,1,1,0,690361504959627
470,5,88224459983893,0,1,1,05377798320988,1,1,8,0856956895929,1,1,1,0,690361504959627
471,0,0,1,0,1,1,0,0,1,1,0,690361504959627
472,0,0,1,0,1,1,0,0,1,1,0,690361504959627
473,0,0,1,0,1,1,0,0,1,1,0,690361504959627
474,0,0,1,0,1,1,0,0,1,1,0,690361504959627
475,0,0,1,0,1,1,0,0,1,1,0,690361504959627
476,0,0,1,0,1,1,0,0,1,1,0,690361504959627
477,5,83273180854024,0,1,1,04490798665121,1,1,8,0856956895929,1,1,1,0,690361504959627
478,0,0,1,0,1,1,0,0,1,1,0,690361504959627
479,0,0,1,0,1,1,0,0,1,1,0,690361504959627
480,0,0,1,0,1,1,0,0,1,1,0,690361504959627
481,0,0,1,0,1,1,0,0,1,1,0,690361504959627
482,0,0,1,0,1,1,0,0,1,1,0,690361504959627
483,0,0,1,0,1,1,0,0,1,1,0,690361504959627
484,5,7835752261014,0,1,1,03610180332703,1,1,8,0856956895929,1,1,1,0,690361504959627
485,0,0,1,0,1,1,0,0,1,1,0,690361504959627
486,0,0,1,0,1,1,0,0,1,1,0,690361504959627
487,0,0,1,0,1,1,0,0,1,1,0,690361504959627
488,0,0,1,0,1,1,0,0,1,1,0,690361504959627
489,0,0,1,0,1,1,0,0,1,1,0,690361504959627
490,0,0,1,0,1,1,0,0,1,1,0,690361504959627
491,5,73477228985632,0,1,1,02735897414708,1,1,8,0856956895929,1,1,1,0,690361504959627
492,0,0,1,0,1,1,0,0,1,1,0,690361504959627
493,0,0,1,0,1,1,0,0,1,1,0,690361504959627
494,0,0,1,0,1,1,0,0,1,1,0,690361504959627
495,0,0,1,0,1,1,0,0,1,1,0,690361504959627
496,0,0,1,0,1,1,0,0,1,1,0,690361504959627
497,0,0,1,0,1,1,0,0,1,1,0,690361504959627
498,5,68632045557544,0,1,1,01867904332395,1,1,8,0856956895929,1,1,1,0,690361504959627
499,0,0,1,0,1,1,0,0,1,1,0,690361504959627
500,0,0,1,0,1,1,0,0,1,1,0,690361504959627
501,0,0,1,0,1,1,0,0,1,1,0,690361504959627
502,0,0,1,0,1,1,0,0,1,1,0,690361504959627
503,0,0,1,0,1,1,0,0,1,1,0,690361504959627
504,0,0,1,0,1,1,0,0,1,1,0,690361504959627
505,5,63821719733308,0,1,1,01006155834928,1,1,8,0856956895929,1,1,1,0,690361504959627
506,0,0,1,0,1,1,0,0,1,1,0,690361504959627
507,0,0,1,0,1,1,0,0,1,1,0,690361504959627
508,0,0,1,0,1,1,0,0,1,1,0,690361504959627
509,0,0,1,0,1,1,0,0,1,1,0,690361504959627
510,0,0,1,0,1,1,0,0,1,1,0,690361504959627
511,0,0,1,0,1,1,0,0,1,1,0,690361504959627
512,5,5904600073758,0,1,1,00150606997018,1,1,8,0856956895929,1,1,1,0,690361504959627
513,0,0,1,0,1,1,0,0,1,1,0,690361504959627
514,0,0,1,0,1,1,0,0,1,1,0,690361504959627
515,0,0,1,0,1,1,0,0,1,1,0,690361504959627
516,0,0,1,0,1,1,0,0,1,1,0,690361504959627
517,0,0,1,0,1,1,0,0,1,1,0,690361504959627
518,0,0,1,0,1,1,0,0,1,1,0,690361504959627
519,5,54304639599162,0,1,0,993012132165808,1,1,8,0856956895929,1,1,1,0,690361504959627
520,0,0,1,0,1,1,0,0,1,1,0,690361504959627
521,0,0,1,0,1,1,0,0,1,1,0,690361504959627
522,0,0,1,0,1,1,0,0,1,1,0,690361504959627
523,0,0,1,0,1,1,0,0,1,1,0,690361504959627
524,0,0,1,0,1,1,0,0,1,1,0,690361504959627
525,0,0,1,0,1,1,0,0,1,1,0,690361504959627
526,5,49597389138026,0,1,0,984579302124134,1,1,8,0856956895929,1,1,1,0,690361504959627
527,0,0,1,0,1,1,0,0,1,1,0,690361504959627
528,0,0,1,0,1,1,0,0,1,1,0,690361504959627
529,0,0,1,0,1,1,0,0,1,1,0,690361504959627
530,0,0,1,0,1,1,0,0,1,1,0,690361504959627
531,0,0,1,0,1,1,0,0,1,1,0,690361504959627
532,0,0,1,0,1,1,0,0,1,1,0,690361504959627
533,5,44924003952425,0,1,0,976207140218829,1,1,8,0856956895929,1,1,1,0,690361504959627
534,0,0,1,0,1,1,0,0,1,1,0,690361504959627
535,0,0,1,0,1,1,0,0,1,1,0,690361504959627
536,0,0,1,0,1,1,0,0,1,1,0,690361504959627
537,0,0,1,0,1,1,0,0,1,1,0,690361504959627
538,0,0,1,0,1,1,0,0,1,1,0,690361504959627
539,0,0,1,0,1,1,0,0,1,1,0,690361504959627
540,5,40284240406101,0,1,0,967895209986364,1,1,8,0856956895929,1,1,1,0,690361504959627
541,0,0,1,0,1,1,0,0,1,1,0,690361504959627
542,0,0,1,0,1,1,0,0,1,1,0,690361504959627
543,0,0,1,0,1,1,0,0,1,1,0,690361504959627
544,0,0,1,0,1,1,0,0,1,1,0,690361504959627
545,0,0,1,0,1,1,0,0,1,1,0,690361504959627
546,0,0,1,0,1,1,0,0,1,1,0,690361504959627
547,5,35677856615584,0,1,0,959643078103247,1,1,8,0856956895929,1,1,1,0,690361504959627
548,0,0,1,0,1,1,0,0,1,1,0,690361504959627
549,0,0,1,0,1,1,0,0,1,1,0,690361504959627
550,0,0,1,0,1,1,0,0,1,1,0,690361504959627
551,0,0,1,0,1,1,0,0,1,1,0,690361504959627
552,0,0,1,0,1,1,0,0,1,1,0,690361504959627
553,0,0,1,0,1,1,0,0,1,1,0,690361504959627
554,5,3110461243758,0,1,0,951450314363441,1,1,8,0856956895929,1,1,1,0,690361504959627
555,0,0,1,0,1,1,0,0,1,1,0,690361504959627
556,0,0,1,0,1,1,0,0,1,1,0,690361504959627
557,0,0,1,0,1,1,0,0,1,1,0,690361504959627
558,0,0,1,0,1,1,0,0,1,1,0,690361504959627
559,0,0,1,0,1,1,0,0,1,1,0,690361504959627
560,0,0,1,0,1,1,0,0,1,1,0,690361504959627
561,5,26564269456455,0,1,0,943316491655928,1,1,8,0856956895929,1,1,1,0,690361504959627
562,0,0,1,0,1,1,0,0,1,1,0,690361504959627
563,0,0,1,0,1,1,0,0,1,1,0,690361504959627
564,0,0,1,0,1,1,0,0,1,1,0,690361504959627
565,0,0,1,0,1,1,0,0,1,1,0,690361504959627
566,0,0,1,0,1,1,0,0,1,1,0,690361504959627
567,0,0,1,0,1,1,0,0,1,1,0,690361504959627
568,5,22056590971801,0,1,0,935241185942448,1,1,8,0856956895929,1,1,1,0,690361504959627
569,0,0,1,0,1,1,0,0,1,1,0,690361504959627
570,0,0,1,0,1,1,0,0,1,1,0,690361504959627
571,0,0,1,0,1,1,0,0,1,1,0,690361504959627
572,0,0,1,0,1,1,0,0,1,1,0,690361504959627
573,0,0,1,0,1,1,0,0,1,1,0,690361504959627
574,0,0,1,0,1,1,0,0,1,1,0,690361504959627
575,5,17581341986102,0,1,0,927223976235388,1,1,8,0856956895929,1,1,1,0,690361504959627
576,0,0,1,0,1,1,0,0,1,1,0,690361504959627
577,0,0,1,0,1,1,0,0,1,1,0,690361504959627
578,0,0,1,0,1,1,0,0,1,1,0,690361504959627
579,0,0,1,0,1,1,0,0,1,1,0,690361504959627
580,0,0,1,0,1,1,0,0,1,1,0,690361504959627
581,0,0,1,0,1,1,0,0,1,1,0,690361504959627
582,5,13138289192476,0,1,0,919264444575841,1,1,8,0856956895929,1,1,1,0,690361504959627
583,0,0,1,0,1,1,0,0,1,1,0,690361504959627
584,0,0,1,0,1,1,0,0,1,1,0,690361504959627
585,0,0,1,0,1,1,0,0,1,1,0,690361504959627
586,0,0,1,0,1,1,0,0,1,1,0,690361504959627
587,0,0,1,0,1,1,0,0,1,1,0,690361504959627
588,0,0,1,0,1,1,0,0,1,1,0,690361504959627
589,5,0872720096252,0,1,0,911362176011812,1,1,8,0856956895929,1,1,1,0,690361504959627
590,0,0,1,0,1,1,0,0,1,1,0,690361504959627
591,0,0,1,0,1,1,0,0,1,1,0,690361504959627
592,0,0,1,0,1,1,0,0,1,1,0,690361504959627
593,0,0,1,0,1,1,0,0,1,1,0,690361504959627
594,0,0,1,0,1,1,0,0,1,1,0,690361504959627
595,0,0,1,0,1,1,0,0,1,1,0,690361504959627
596,5,04347847334228,0,1,0,903516758576585,1,1,8,0856956895929,1,1,1,0,690361504959627
597,0,0,1,0,1,1,0,0,1,1,0,690361504959627
598,0,0,1,0,1,1,0,0,1,1,0,690361504959627
599,0,0,1,0,1,1,0,0,1,1,0,690361504959627
600,0,0,1,0,1,1,0,0,1,1,0,690361504959627
601,0,0,1,0,1,1,0,0,1,1,0,690361504959627
602,0,0,1,0,1,1,0,0,1,1,0,690361504959627
603,5,00000000000006,0,1,0,89572778326725,1,1,8,0856956895929,1,1,1,0,690361504959627
604,0,0,1,0,1,1,0,0,1,1,0,690361504959627
605,0,0,1,0,1,1,0,0,1,1,0,690361504959627
606,0,0,1,0,1,1,0,0,1,1,0,690361504959627
607,0,0,1,0,1,1,0,0,1,1,0,690361504959627
608,0,0,1,0,1,1,0,0,1,1,0,690361504959627
609,0,0,1,0,1,1,0,0,1,1,0,690361504959627
610,2,00000000000001,0,1,0,711426933784552,1,1,4,07214398683754,1,1,1,0,690361504959627
611,0,0,1,0,1,1,0,0,1,1,0,690361504959627
612,0,0,1,0,1,1,0,0,1,1,0,690361504959627
613,0,0,1,0,1,1,0,0,1,1,0,690361504959627
614,0,0,1,0,1,1,0,0,1,1,0,690361504959627
615,0,0,1,0,1,1,0,0,1,1,0,690361504959627
616,0,0,1,0,1,1,0,0,1,1,0,690361504959627
617,6,00000000000001,0,1,0,90811122373654,1,1,9,570522315201,1,1,1,0,690361504959627
618,0,0,1,0,1,1,0,0,1,1,0,690361504959627
619,0,0,1,0,1,1,0,0,1,1,0,690361504959627
620,0,0,1,0,1,1,0,0,1,1,0,690361504959627
621,0,0,1,0,1,1,0,0,1,1,0,690361504959627
622,0,0,1,0,1,1,0,0,1,1,0,690361504959627
623,0,0,1,0,1,1,0,0,1,1,0,690361504959627
624,1,0,1,0,525920510364646,1,1,2,7542497900266,1,1,1,0,690361504959627
625,0,0,1,0,1,1,0,0,1,1,0,690361504959627
626,0,0,1,0,1,1,0,0,1,1,0,690361504959627
627,0,0,1,0,1,1,0,0,1,1,0,690361504959627
628,0,0,1,0,1,1,0,0,1,1,0,690361504959627
629,0,0,1,0,1,1,0,0,1,1,0,690361504959627
630,0,0,1,0,1,1,0,0,1,1,0,690361504959627
631,0,999999999999995,0,1,0,522136891213706,1,1,2,77420821937217,1,1,1,0,690361504959627
632,0,0,1,0,1,1,0,0,1,1,0,690361504959627
633,0,0,1,0,1,1,0,0,1,1,0,690361504959627
634,0,0,1,0,1,1,0,0,1,1,0,690361504959627
635,0,0,1,0,1,1,0,0,1,1,0,690361504959627
636,0,0,1,0,1,1,0,0,1,1,0,690361504959627
637,0,0,1,0,1,1,0,0,1,1,0,690361504959627
638,7,00000000000003,0,1,0,907165861833869,1,1,11,1772451028966,1,1,1,0,690361504959627
639,0,0,1,0,1,1,0,0,1,1,0,690361504959627
640,0,0,1,0,1,1,0,0,1,1,0,690361504959627
641,0,0,1,0,1,1,0,0,1,1,0,690361504959627
642,0,0,1,0,1,1,0,0,1,1,0,690361504959627
643,0,0,1,0,1,1,0,0,1,1,0,690361504959627
644,0,0,1,0,1,1,0,0,1,1,0,690361504959627
645,6,00000000000002,0,1,0,882259059980137,1,1,9,85096002488286,1,1,1,0,690361504959627
646,0,0,1,0,1,1,0,0,1,1,0,690361504959627
647,0,0,1,0,1,1,0,0,1,1,0,690361504959627
648,0,0,1,0,1,1,0,0,1,1,0,690361504959627
649,0,0,1,0,1,1,0,0,1,1,0,690361504959627
650,0,0,1,0,1,1,0,0,1,1,0,690361504959627
651,0,0,1,0,1,1,0,0,1,1,0,690361504959627
652,1,00000000000002,0,1,0,510948574327063,1,1,2,83495546914927,1,1,1,0,690361504959627
653,0,0,1,0,1,1,0,0,1,1,0,690361504959627
654,0,0,1,0,1,1,0,0,1,1,0,690361504959627
655,0,0,1,0,1,1,0,0,1,1,0,690361504959627
656,0,0,1,0,1,1,0,0,1,1,0,690361504959627
657,0,0,1,0,1,1,0,0,1,1,0,690361504959627
658,0,0,1,0,1,1,0,0,1,1,0,690361504959627
659,1,00000000000001,0,1,0,507272667468764,1,1,2,85549872511456,1,1,1,0,690361504959627
660,0,0,1,0,1,1,0,0,1,1,0,690361504959627
661,0,0,1,0,1,1,0,0,1,1,0,690361504959627
662,0,0,1,0,1,1,0,0,1,1,0,690361504959627
663,0,0,1,0,1,1,0,0,1,1,0,690361504959627
664,0,0,1,0,1,1,0,0,1,1,0,690361504959627
665,0,0,1,0,1,1,0,0,1,1,0,690361504959627
666,9,00000000000011,0,1,0,906521771001335,1,1,14,3809542299051,1,1,1,0,690361504959627
667,0,0,1,0,1,1,0,0,1,1,0,690361504959627
668,0,0,1,0,1,1,0,0,1,1,0,690361504959627
669,0,0,1,0,1,1,0,0,1,1,0,690361504959627
670,0,0,1,0,1,1,0,0,1,1,0,690361504959627
671,0,0,1,0,1,1,0,0,1,1,0,690361504959627
672,0,0,1,0,1,1,0,0,1,1,0,690361504959627
673,0,0,1,0,1,1,1,44851645524251,1,1,1,0,690361504959627
674,0,0,1,0,1,1,0,0,1,1,0,690361504959627
675,0,0,1,0,1,1,0,0,1,1,0,690361504959627
676,0,0,1,0,1,1,0,0,1,1,0,690361504959627
677,0,0,1,0,1,1,0,0,1,1,0,690361504959627
678,0,0,1,0,1,1,0,0,1,1,0,690361504959627
679,0,0,1,0,1,1,0,0,1,1,0,690361504959627
680,0,0,1,0,1,1,1,45901300259001,1,1,1,0,690361504959627
681,0,0,1,0,1,1,0,0,1,1,0,690361504959627
682,0,0,1,0,1,1,0,0,1,1,0,690361504959627
683,0,0,1,0,1,1,0,0,1,1,0,690361504959627
684,0,0,1,0,1,1,0,0,1,1,0,690361504959627
685,0,0,1,0,1,1,0,0,1,1,0,690361504959627
686,0,0,1,0,1,1,0,0,1,1,0,690361504959627
687,0,0,1,0,1,1,1,46958561224652,1,1,1,0,690361504959627
688,0,0,1,0,1,1,0,0,1,1,0,690361504959627
689,0,0,1,0,1,1,0,0,1,1,0,690361504959627
690,0,0,1,0,1,1,0,0,1,1,0,690361504959627
691,0,0,1,0,1,1,0,0,1,1,0,690361504959627
692,0,0,1,0,1,1,0,0,1,1,0,690361504959627
693,0,0,1,0,1,1,0,0,1,1,0,690361504959627
694,0,0,1,0,1,1,1,48023483539089,1,1,1,0,690361504959627
695,0,0,1,0,1,1,0,0,1,1,0,690361504959627
696,0,0,1,0,1,1,0,0,1,1,0,690361504959627
697,0,0,1,0,1,1,0,0,1,1,0,690361504959627
698,0,0,1,0,1,1,0,0,1,1,0,690361504959627
699,0,0,1,0,1,1,0,0,1,1,0,690361504959627
700,0,0,1,0,1,1,0,0,1,1,0,690361504959627
701,4,00000000000005,0,1,0,777225552922886,1,1,7,45480613598015,1,1,1,0,690361504959627
702,0,0,1,0,1,1,0,0,1,1,0,690361504959627
703,0,0,1,0,1,1,0,0,1,1,0,690361504959627
704,0,0,1,0,1,1,0,0,1,1,0,690361504959627
705,0,0,1,0,1,1,0,0,1,1,0,690361504959627
706,0,0,1,0,1,1,0,0,1,1,0,690361504959627
707,0,0,1,0,1,1,0,0,1,1,0,690361504959627
708,7,00000000000009,0,1,0,843974660215126,1,1,12,0141227748628,1,1,1,0,690361504959627
709,0,0,1,0,1,1,0,0,1,1,0,690361504959627
710,0,0,1,0,1,1,0,0,1,1,0,690361504959627
711,0,0,1,0,1,1,0,0,1,1,0,690361504959627
712,0,0,1,0,1,1,0,0,1,1,0,690361504959627
713,0,0,1,0,1,1,0,0,1,1,0,690361504959627
714,0,0,1,0,1,1,0,0,1,1,0,690361504959627
715,5,00000000000008,0,1,0,798002733915479,1,1,9,07588654574678,1,1,1,0,690361504959627
716,0,0,1,0,1,1,0,0,1,1,0,690361504959627
717,0,0,1,0,1,1,0,0,1,1,0,690361504959627
718,0,0,1,0,1,1,0,0,1,1,0,690361504959627
719,0,0,1,0,1,1,0,0,1,1,0,690361504959627
720,0,0,1,0,1,1,0,0,1,1,0,690361504959627
721,0,0,1,0,1,1,0,0,1,1,0,690361504959627
722,2,00000000000005,0,1,0,633809343359171,1,1,4,57082708047642,1,1,1,0,690361504959627
723,0,0,1,0,1,1,0,0,1,1,0,690361504959627
724,0,0,1,0,1,1,0,0,1,1,0,690361504959627
725,0,0,1,0,1,1,0,0,1,1,0,690361504959627
726,0,0,1,0,1,1,0,0,1,1,0,690361504959627
727,0,0,1,0,1,1,0,0,1,1,0,690361504959627
728,0,0,1,0,1,1,0,0,1,1,0,690361504959627
729,-0,0561256873183078,0,1,-0,0561256873183078,1,1,1,44851645524251,1,1,1,0,690361504959627
730,0,0,1,0,1,1,0,0,1,1,0,690361504959627
731,0,0,1,0,1,1,0,0,1,1,0,690361504959627
732,0,0,1,0,1,1,0,0,1,1,0,690361504959627
733,0,0,1,0,1,1,0,0,1,1,0,690361504959627
734,0,0,1,0,1,1,0,0,1,1,0,690361504959627
735,0,0,1,0,1,1,0,0,1,1,0,690361504959627
736,3,24743440706756,0,1,0,716460323612641,1,1,6,56555851165496,1,1,1,0,690361504959627
737,0,0,1,0,1,1,0,0,1,1,0,690361504959627
738,0,0,1,0,1,1,0,0,1,1,0,690361504959627
739,0,0,1,0,1,1,0,0,1,1,0,690361504959627
740,0,0,1,0,1,1,0,0,1,1,0,690361504959627
741,0,0,1,0,1,1,0,0,1,1,0,690361504959627
742,0,0,1,0,1,1,0,0,1,1,0,690361504959627
743,3,21687717674811,0,1,0,709718680709638,1,1,6,56555851165496,1,1,1,0,690361504959627
744,0,0,1,0,1,1,0,0,1,1,0,690361504959627
745,0,0,1,0,1,1,0,0,1,1,0,690361504959627
746,0,0,1,0,1,1,0,0,1,1,0,690361504959627
747,0,0,1,0,1,1,0,0,1,1,0,690361504959627
748,0,0,1,0,1,1,0,0,1,1,0,690361504959627
749,0,0,1,0,1,1,0,0,1,1,0,690361504959627
750,4,03623206111856,0,1,0,740248223871601,1,1,7,89809197667419,1,1,1,0,690361504959627
751,0,0,1,0,1,1,0,0,1,1,0,690361504959627
752,0,0,1,0,1,1,0,0,1,1,0,690361504959627
753,0,0,1,0,1,1,0,0,1,1,0,690361504959627
754,0,0,1,0,1,1,0,0,1,1,0,690361504959627
755,0,0,1,0,1,1,0,0,1,1,0,690361504959627
756,0,0,1,0,1,1,0,0,1,1,0,690361504959627
757,4,00000000000004,0,1,0,733603234563737,1,1,7,89809197667419,1,1,1,0,690361504959627
758,0,0,1,0,1,1,0,0,1,1,0,690361504959627
759,0,0,1,0,1,1,0,0,1,1,0,690361504959627
760,0,0,1,0,1,1,0,0,1,1,0,690361504959627
761,0,0,1,0,1,1,0,0,1,1,0,690361504959627
762,0,0,1,0,1,1,0,0,1,1,0,690361504959627
763,0,0,1,0,1,1,0,0,1,1,0,690361504959627
764,3,00000000000003,0,1,0,682805144855415,1,1,6,36425984553431,1,1,1,0,690361504959627
765,0,0,1,0,1,1,0,0,1,1,0,690361504959627
766,0,0,1,0,1,1,0,0,1,1,0,690361504959627
767,0,0,1,0,1,1,0,0,1,1,0,690361504959627
768,0,0,1,0,1,1,0,0,1,1,0,690361504959627
769,0,0,1,0,1,1,0,0,1,1,0,690361504959627
770,0,0,1,0,1,1,0,0,1,1,0,690361504959627
771,0,0,1,0,1,1,1,60259447396844,1,1,1,0,690361504959627
772,0,0,1,0,1,1,0,0,1,1,0,690361504959627
773,0,0,1,0,1,1,0,0,1,1,0,690361504959627
774,0,0,1,0,1,1,0,0,1,1,0,690361504959627
775,0,0,1,0,1,1,0,0,1,1,0,690361504959627
776,0,0,1,0,1,1,0,0,1,1,0,690361504959627
777,0,0,1,0,1,1,0,0,1,1,0,690361504959627
778,-0,0403040034355994,0,1,-0,00722028313083294,1,1,8,0856956895929,1,1,1,0,690361504959627
779,0,0,1,0,1,1,0,0,1,1,0,690361504959627
780,0,0,1,0,1,1,0,0,1,1,0,690361504959627
781,0,0,1,0,1,1,0,0,1,1,0,690361504959627
782,0,0,1,0,1,1,0,0,1,1,0,690361504959627
783,0,0,1,0,1,1,0,0,1,1,0,690361504959627
784,0,0,1,0,1,1,0,0,1,1,0,690361504959627
785,-0,0806080068711988,0,1,-0,0144405662616659,1,1,8,0856956895929,1,1,1,0,690361504959627
786,0,0,1,0,1,1,0,0,1,1,0,690361504959627
787,0,0,1,0,1,1,0,0,1,1,0,690361504959627
788,0,0,1,0,1,1,0,0,1,1,0,690361504959627
789,0,0,1,0,1,1,0,0,1,1,0,690361504959627
790,0,0,1,0,1,1,0,0,1,1,0,690361504959627
791,0,0,1,0,1,1,0,0,1,1,0,690361504959627
792,-0,120912010306798,0,1,-0,0216608493924988,1,1,8,0856956895929,1,1,1,0,690361504959627
793,0,0,1,0,1,1,0,0,1,1,0,690361504959627
794,0,0,1,0,1,1,0,0,1,1,0,690361504959627
795,0,0,1,0,1,1,0,0,1,1,0,690361504959627
796,0,0,1,0,1,1,0,0,1,1,0,690361504959627
797,0,0,1,0,1,1,0,0,1,1,0,690361504959627
798,0,0,1,0,1,1,0,0,1,1,0,690361504959627
799,-0,161216013742398,0,1,-0,0288811325233317,1,1,8,0856956895929,1,1,1,0,690361504959627
800,0,0,1,0,1,1,0,0,1,1,0,690361504959627
801,0,0,1,0,1,1,0,0,1,1,0,690361504959627
802,0,0,1,0,1,1,0,0,1,1,0,690361504959627
803,0,0,1,0,1,1,0,0,1,1,0,690361504959627
804,0,0,1,0,1,1,0,0,1,1,0,690361504959627
805,0,0,1,0,1,1,0,0,1,1,0,690361504959627
806,-0,201520017177997,0,1,-0,0361014156541647,1,1,8,0856956895929,1,1,1,0,690361504959627
807,0,0,1,0,1,1,0,0,1,1,0,690361504959627
808,0,0,1,0,1,1,0,0,1,1,0,690361504959627
809,0,0,1,0,1,1,0,0,1,1,0,690361504959627
810,0,0,1,0,1,1,0,0,1,1,0,690361504959627
811,0,0,1,0,1,1,0,0,1,1,0,690361504959627
812,0,0,1,0,1,1,0,0,1,1,0,690361504959627
813,-0,241824020613596,0,1,-0,0433216987849976,1,1,8,0856956895929,1,1,1,0,690361504959627
814,0,0,1,0,1,1,0,0,1,1,0,690361504959627
815,0,0,1,0,1,1,0,0,1,1,0,690361504959627
816,0,0,1,0,1,1,0,0,1,1,0,690361504959627
817,0,0,1,0,1,1,0,0,1,1,0,690361504959627
818,0,0,1,0,1,1,0,0,1,1,0,690361504959627
819,0,0,1,0,1,1,0,0,1,1,0,690361504959627
820,-0,282128024049196,0,1,-0,0505419819158305,1,1,8,0856956895929,1,1,1,0,690361504959627
821,0,0,1,0,1,1,0,0,1,1,0,690361504959627
822,0,0,1,0,1,1,0,0,1,1,0,690361504959627
823,0,0,1,0,1,1,0,0,1,1,0,690361504959627
824,0,0,1,0,1,1,0,0,1,1,0,690361504959627
825,0,0,1,0,1,1,0,0,1,1,0,690361504959627
826,0,0,1,0,1,1,0,0,1,1,0,690361504959627
827,-0,322432027484795,0,1,-0,0577622650466635,1,1,8,0856956895929,1,1,1,0,690361504959627
828,0,0,1,0,1,1,0,0,1,1,0,690361504959627
829,0,0,1,0,1,1,0,0,1,1,0,690361504959627
830,0,0,1,0,1,1,0,0,1,1,0,690361504959627
